platform,profile_url,verified_on,website_shown,name_shown,phone_shown,address_shown,target_website,target_name,target_phone,target_address,owner_access,action,status,notes
2ГИС,https://2gis.ru/kazan/firm/70000001076800455,2026-09-09 (по аудиту Perplexity; агент не открывал профиль),kazandelikates.tatar,n.a.,n.a.,n.a.,https://pepperoni.tatar,«Казанские Деликатесы»,+7 987 217-02-02,"г. Казань, ул. Аграрная, 2, оф. 7",владелец (нужен логин 2ГИС для бизнеса),"сменить основной сайт на pepperoni.tatar; добавить категории «пепперони», «сосиски для хот-догов», «казылык»; фото продукции из public/images/products",ждёт владельца,"kazandelikates.tatar оставить как доп. ссылку, если платформа позволяет 2 сайта"
Zoon,https://zoon.ru/kazan/shops/kazanskie_delikatesy/,2026-09-09 (по аудиту),kazandelikates.tatar,n.a.,n.a.,n.a.,https://pepperoni.tatar,«Казанские Деликатесы»,+7 987 217-02-02,"г. Казань, ул. Аграрная, 2, оф. 7",владелец,"сменить сайт; сверить телефон/адрес с brand.txt; не отвечать на отзывы выдуманными фактами",ждёт владельца,
Fabricators,https://fabricators.ru/proizvoditel/kazanskie-delikatesy,2026-09-09 (по аудиту),kazandelikates.tatar,n.a.,n.a.,n.a.,https://pepperoni.tatar,«Казанские Деликатесы»,+7 987 217-02-02,"г. Казань, ул. Аграрная, 2, оф. 7",владелец,"сменить сайт; добавить «контрактное производство / СТМ халяль» как услугу со ссылкой /kontraktnoe-proizvodstvo",ждёт владельца,
Яндекс Бизнес,n.a. (URL не проверен),n.a.,n.a.,n.a.,n.a.,n.a.,https://pepperoni.tatar,«Казанские Деликатесы»,+7 987 217-02-02,"г. Казань, ул. Аграрная, 2, оф. 7",владелец (x995620@yandex.ru),"проверить наличие карточки; привязать сайт pepperoni.tatar; товары — из прайса wholesale-price-list-ru",проверить,критично для Яндекс-поиска по Казани
Google Business Profile,n.a.,n.a.,n.a.,n.a.,n.a.,n.a.,https://pepperoni.tatar,Kazan Delicacies / «Казанские Деликатесы»,+7 987 217-02-02,"Agrarnaya st. 2, office 7, Kazan",владелец (995620@gmail.com),"проверить наличие; сайт pepperoni.tatar; категория Food manufacturer / Wholesale food",проверить,
LinkedIn (company),n.a.,n.a.,n.a.,n.a.,n.a.,n.a.,https://pepperoni.tatar/en/,Kazan Delicacies,n.a.,Kazan,владелец,"создать/обновить страницу компании; сайт /en/; описание из brand.txt EN; 1 пост в неделю — только факты (сертификаты, SKU, кейс после подтверждения)",проверить,экспортные закупщики
Подписи менеджеров (email/Telegram),n.a.,n.a.,разные,n.a.,n.a.,n.a.,https://pepperoni.tatar,«Казанские Деликатесы»,+7 987 217-02-02,,продажи,"единый шаблон подписи: имя, «Казанские Деликатесы», pepperoni.tatar, телефон, ссылка на прайс /wholesale-price-list-ru.txt",ждёт продаж,
КП и прайсы (PDF/печать),n.a.,n.a.,n.a.,n.a.,n.a.,n.a.,https://pepperoni.tatar,«Казанские Деликатесы»,+7 987 217-02-02,"г. Казань, ул. Аграрная, 2, оф. 7",продажи,"все новые КП — из generated price lists (gen_price_lists.py), не из старых xlsx; домен pepperoni.tatar в шапке",ждёт продаж,
kazandelikates.tatar,https://kazandelikates.tatar,n.a.,—,—,—,—,оставить,«Казанские Деликатесы»,,,владелец,"не закрывать; общая карта тем двух доменов (SEO-команда); не выпускать копии коммерческих страниц pepperoni.tatar",решение принято 2026-09-09,"домен-бренд остаётся, коммерческий канон — pepperoni.tatar"
