sku,name_ru,name_en,status
KD-001,Сосиски «Из говядины» (80 г × 6 шт),Beef Sausages (80g × 6 pcs),approved-by-delegation 2026-09-12
KD-002,Сосиски «Два мяса» (80 г × 6 шт),Two-Meat Sausages (80g × 6 pcs),approved-by-delegation 2026-09-12
KD-003,Сосиски «Три перца с сыром» (80 г × 6 шт),Three Peppers & Cheese Sausages (80g × 6 pcs),approved-by-delegation 2026-09-12
KD-004,Сосиски «Куриные» (80 г × 6 шт),Chicken Sausages (80g × 6 pcs),approved-by-delegation 2026-09-12
KD-005,Сосиски «С бараниной» (80 г × 6 шт),Lamb Sausages (80g × 6 pcs),approved-by-delegation 2026-09-12
KD-006,Сосиски «С травами» (130 г × 5 шт),Herb Sausages (130g × 5 pcs),approved-by-delegation 2026-09-12
KD-007,Сосиски «С сыром» (130 г × 5 шт),Cheese Sausages (130g × 5 pcs),approved-by-delegation 2026-09-12
KD-008,"Сосиски Из конины"" (80 г х 6 шт)",Horse-Meat Sausages (80g × 6 pcs),approved-by-delegation 2026-09-12
KD-009,Котлета говяжья прожаренная (100 г × 3 шт),Fried Beef Patty (100g × 3 pcs),approved-by-delegation 2026-09-12
KD-010,Котлета говяжья прожаренная (150 г × 2 шт),Fried Beef Patty (150g × 2 pcs),approved-by-delegation 2026-09-12
KD-011,Ветчина Куриная Филейная в нарезке,"Chicken Fillet Ham, Sliced",approved-by-delegation 2026-09-12
KD-013,Пепперони варено-копченый куриный нарезка,Cooked-Smoked Chicken Pepperoni (sliced),approved-by-delegation 2026-09-12
KD-014,Пепперони варено-копченый куриный целый батон,Cooked-Smoked Chicken Pepperoni (whole stick),approved-by-delegation 2026-09-12
KD-015,Грудка куриная варено-копченая,Smoked Chicken Breast,approved-by-delegation 2026-09-12
KD-018,Сосиски «К завтраку» (без оболочки) для «Сосиски в тесте» 45 гр - вес сосиски,"Breakfast Sausages (skinless) for Sausage Rolls, 45 g each",approved-by-delegation 2026-09-12
KD-017,Сосиски «К завтраку»,Breakfast Sausages,approved-by-delegation 2026-09-12
KD-019,Сосиски «Нежные»,Tender Sausages,approved-by-delegation 2026-09-12
KD-020,Сосиски «Казанские с молоком»,Kazan Milk Sausages,approved-by-delegation 2026-09-12
KD-021,Сосиски «С сыром»,Cheese Sausages,approved-by-delegation 2026-09-12
KD-022,"Сосиски ""Из говядины""",Beef Sausages,approved-by-delegation 2026-09-12
KD-023,Сосиски в/с Премиум,Premium Sausages,approved-by-delegation 2026-09-12
KD-024,Сосиски в/с Сочные,Juicy Sausages,approved-by-delegation 2026-09-12
KD-035,Колбаски с Сыром,Cheese Sausage Links,approved-by-delegation 2026-09-12
KD-025,Вареная «Из Говядины»,Boiled Beef Sausage,approved-by-delegation 2026-09-12
KD-026,Вареная Ассорти,Boiled Assorted Sausage,approved-by-delegation 2026-09-12
KD-027,Вареная Нежная,Boiled Tender Sausage,approved-by-delegation 2026-09-12
KD-028,Ветчина из Индейки,Turkey Ham,approved-by-delegation 2026-09-12
KD-029,Ветчина Мраморная с говядиной,Marbled Beef Ham,approved-by-delegation 2026-09-12
KD-030,Ветчина из Курицы,Chicken Ham,approved-by-delegation 2026-09-12
KD-031,Сервелат Ханский,Khan Cervelat,approved-by-delegation 2026-09-12
KD-032,Сервелат по-татарски в/к,Tatar-Style Smoked Cervelat,approved-by-delegation 2026-09-12
KD-033,Полукопченая из Индейки,Semi-Smoked Turkey Sausage,approved-by-delegation 2026-09-12
KD-034,Полукопченая из Говядины,Semi-Smoked Beef Sausage,approved-by-delegation 2026-09-12
KD-036,в/к Рамазан,Ramazan Smoked Sausage,approved-by-delegation 2026-09-12
KD-037,в/к Рамазан (половинка),Ramazan Smoked Sausage (half),approved-by-delegation 2026-09-12
KD-038,в/к Мраморная,Marbled Smoked Sausage,approved-by-delegation 2026-09-12
KD-039,в/к Мраморная (половинка),Marbled Smoked Sausage (half),approved-by-delegation 2026-09-12
KD-040,в/к Филейный,Fillet Smoked Sausage,approved-by-delegation 2026-09-12
KD-041,в/к Филейный (половинка),Fillet Smoked Sausage (half),approved-by-delegation 2026-09-12
KD-042,в/к Княжеская,Knyazheskaya Smoked Sausage,approved-by-delegation 2026-09-12
KD-043,в/к Княжеская (половинка),Knyazheskaya Smoked Sausage (half),approved-by-delegation 2026-09-12
KD-044,Казылык «Премиум» в подарочной упаковке,"Kazylyk Premium (gift box, horse meat)",approved-by-delegation 2026-09-12
KD-045,Казылык «Премиум» в нарезке в подарочной упаковке,"Kazylyk Premium Sliced (gift box, horse meat)",approved-by-delegation 2026-09-12
KD-046,Губадия с кортом,Gubadiya with Kort (Tatar layered pie),approved-by-delegation 2026-09-12
KD-047,Чебурек жареный,Fried Cheburek,approved-by-delegation 2026-09-12
KD-048,Перемяч жареный,Fried Peremyach (Tatar meat pie),approved-by-delegation 2026-09-12
KD-049,Самса с курицей,Chicken Samsa,approved-by-delegation 2026-09-12
KD-050,Эчпочмак с говядиной и картофелем,Echpochmak with Beef & Potato (Tatar triangle pie),approved-by-delegation 2026-09-12
KD-051,Самса с говядиной,Beef Samsa,approved-by-delegation 2026-09-12
KD-052,Элеш с курицей и картофелем,Elesh with Chicken & Potato (Tatar pie),approved-by-delegation 2026-09-12
KD-053,Чак-Чак в пластиковой упаковке,Chak-Chak (plastic pack),approved-by-delegation 2026-09-12
KD-054,Чак-Чак в крафтовой подарочной упаковке,Chak-Chak (craft gift box),approved-by-delegation 2026-09-12
KD-055,Сочник с творогом,Cottage Cheese Sochnik,approved-by-delegation 2026-09-12
KD-056,Пирожок печеный с картофелем,Baked Potato Pie,approved-by-delegation 2026-09-12
KD-057,Сырник,Syrnik (cottage cheese pancake),approved-by-delegation 2026-09-12
KD-058,Пирожок с яблоком,Apple Pie,approved-by-delegation 2026-09-12
KD-059,Пирожок с зеленым луком и яйцом,Spring Onion & Egg Pie,approved-by-delegation 2026-09-12
KD-060,Маффин апельсиновый,Orange Muffin,approved-by-delegation 2026-09-12
KD-061,Сосиска в тесте,Sausage Roll,approved-by-delegation 2026-09-12
KD-062,Пирожок с вишней,Cherry Pie,approved-by-delegation 2026-09-12
KD-063,Круассан с шоколадом и орехами,Chocolate & Nut Croissant,approved-by-delegation 2026-09-12
KD-064,Маффин шоколадный,Chocolate Muffin,approved-by-delegation 2026-09-12
