rank,source_url,clicks,period,source_lang,map_status,map_target,live_chain,final_url,final_canonical,final_lang,cross_language,family_source,family_target,semantic,problems,decision,manual_review,reviewer_note
1,https://pepperoni.tatar/geo/kazylyk-premium-oktyabrsky,5,2026-07-01..2026-09-06,ru,301,/kazylyk,301 → 200,https://pepperoni.tatar/kazylyk,https://pepperoni.tatar/kazylyk,ru,no,kazylyk,kazylyk,match,,301 keep,yes,
2,https://pepperoni.tatar/geo/kazylyk-premium-chita,4,2026-07-01..2026-09-06,ru,301,/kazylyk,301 → 200,https://pepperoni.tatar/kazylyk,https://pepperoni.tatar/kazylyk,ru,no,kazylyk,kazylyk,match,,301 keep,yes,
3,https://pepperoni.tatar/geo/syroje-myaso-spb,4,2026-07-01..2026-09-06,ru,410,,301 → 200,https://pepperoni.tatar/products,https://pepperoni.tatar/products,ru,no,not-sold,catalog,410 correct (not in catalog),,410 no matching hub (leftover),yes,
4,https://pepperoni.tatar/tr/geo/kotlety-dlya-burgerov-ankara,4,2026-07-01..2026-09-06,tr,301,/en/kotlety-dlya-burgerov,301 → 200,https://pepperoni.tatar/en/kotlety-dlya-burgerov,https://pepperoni.tatar/en/kotlety-dlya-burgerov,en,yes,burger,burger,match,,301 keep,yes,
5,https://pepperoni.tatar/ar/geo/babbroni-halal-amman,3,2026-07-01..2026-09-06,ar,301,/en/pepperoni,301 → 200,https://pepperoni.tatar/en/pepperoni,https://pepperoni.tatar/en/pepperoni,en,yes,pepperoni,pepperoni,match,,301 keep,yes,
6,https://pepperoni.tatar/ar/geo/babbroni-halal-jeddah,3,2026-07-01..2026-09-06,ar,301,/en/pepperoni,301 → 200,https://pepperoni.tatar/en/pepperoni,https://pepperoni.tatar/en/pepperoni,en,yes,pepperoni,pepperoni,match,,301 keep,yes,
7,https://pepperoni.tatar/en/geo/halal-pepperoni-mombasa,3,2026-07-01..2026-09-06,en,301,/en/pepperoni,301 → 200,https://pepperoni.tatar/en/pepperoni,https://pepperoni.tatar/en/pepperoni,en,no,pepperoni,pepperoni,match,,301 keep,yes,
8,https://pepperoni.tatar/en/geo/syroje-myaso-tallinn,3,2026-07-01..2026-09-06,en,410,,301 → 200,https://pepperoni.tatar/en/products,https://pepperoni.tatar/en/products,en,no,not-sold,catalog,410 correct (not in catalog),,410 no matching hub (leftover),yes,
9,https://pepperoni.tatar/fr/geo/farsh-dakar,3,2026-07-01..2026-09-06,fr,410,,301 → 200,https://pepperoni.tatar/en/products,https://pepperoni.tatar/en/products,en,yes,not-sold,catalog,410 correct (not in catalog),,410 no matching hub (leftover),yes,
10,https://pepperoni.tatar/geo/kazylyk-premium-naberezhnie-chelny,3,2026-07-01..2026-09-06,ru,301,/kazylyk,301 → 200,https://pepperoni.tatar/kazylyk,https://pepperoni.tatar/kazylyk,ru,no,kazylyk,kazylyk,match,,301 keep,yes,
11,https://pepperoni.tatar/geo/kolbasnye-izdeliya-simferopol,3,2026-07-01..2026-09-06,ru,301,/products,301 → 200,https://pepperoni.tatar/products,https://pepperoni.tatar/products,ru,no,catalog,catalog,match,,301 keep,yes,
12,https://pepperoni.tatar/geo/kolbasnye-izdeliya-tashkent,3,2026-07-01..2026-09-06,ru,301,/products,301 → 200,https://pepperoni.tatar/products,https://pepperoni.tatar/products,ru,no,catalog,catalog,match,,301 keep,yes,
13,https://pepperoni.tatar/geo/kotlety-dlya-burgerov-novosibirsk,3,2026-07-01..2026-09-06,ru,301,/kotlety-dlya-burgerov,301 → 200,https://pepperoni.tatar/kotlety-dlya-burgerov,https://pepperoni.tatar/kotlety-dlya-burgerov,ru,no,burger,burger,match,,301 keep,yes,
14,https://pepperoni.tatar/geo/vypechka-tatarskaya-tashkent,3,2026-07-01..2026-09-06,ru,301,/vyipechka-halyal,301 → 200,https://pepperoni.tatar/vyipechka-halyal,https://pepperoni.tatar/vyipechka-halyal,ru,no,bakery,bakery,match,,301 keep,yes,
15,https://pepperoni.tatar/geo/vypechka-tatarskaya-volgograd,3,2026-07-01..2026-09-06,ru,301,/vyipechka-halyal,301 → 200,https://pepperoni.tatar/vyipechka-halyal,https://pepperoni.tatar/vyipechka-halyal,ru,no,bakery,bakery,match,,301 keep,yes,
16,https://pepperoni.tatar/tr/geo/kotlety-dlya-burgerov-izmir,3,2026-07-01..2026-09-06,tr,301,/en/kotlety-dlya-burgerov,301 → 200,https://pepperoni.tatar/en/kotlety-dlya-burgerov,https://pepperoni.tatar/en/kotlety-dlya-burgerov,en,yes,burger,burger,match,,301 keep,yes,
17,https://pepperoni.tatar/geo/kotlety-dlya-burgerov-ulyanovsk,3,2026-07-01..2026-09-06,ru,301,/kotlety-dlya-burgerov,301 → 200,https://pepperoni.tatar/kotlety-dlya-burgerov,https://pepperoni.tatar/kotlety-dlya-burgerov,ru,no,burger,burger,match,,301 keep,yes,
18,https://pepperoni.tatar/ar/geo/babbroni-halal-marrakesh,2,2026-07-01..2026-09-06,ar,301,/en/pepperoni,301 → 200,https://pepperoni.tatar/en/pepperoni,https://pepperoni.tatar/en/pepperoni,en,yes,pepperoni,pepperoni,match,,301 keep,yes,
19,https://pepperoni.tatar/ar/geo/topping-pizza-halal-oran,2,2026-07-01..2026-09-06,ar,301,/en/pepperoni,301 → 200,https://pepperoni.tatar/en/pepperoni,https://pepperoni.tatar/en/pepperoni,en,yes,pepperoni,pepperoni,match,,301 keep,yes,
20,https://pepperoni.tatar/be/geo/pepperoni-minsk,2,2026-07-01..2026-09-06,ru,301,/pepperoni,301 → 200,https://pepperoni.tatar/en/pepperoni,https://pepperoni.tatar/en/pepperoni,en,yes,pepperoni,pepperoni,match,,301 keep,yes,
21,https://pepperoni.tatar/en/geo/halal-hot-dog-sausages-manama,2,2026-07-01..2026-09-06,en,301,/en/sosiski-dlya-hotdog,301 → 200,https://pepperoni.tatar/en/products,https://pepperoni.tatar/en/products,en,no,sausages,catalog,mismatch,family mismatch,301 review,yes,
22,https://pepperoni.tatar/en/geo/halal-hot-dog-sausages-riga,2,2026-07-01..2026-09-06,en,301,/en/sosiski-dlya-hotdog,301 → 200,https://pepperoni.tatar/en/products,https://pepperoni.tatar/en/products,en,no,sausages,catalog,mismatch,family mismatch,301 review,yes,
23,https://pepperoni.tatar/en/geo/halal-pepperoni-muscat,2,2026-07-01..2026-09-06,en,301,/en/pepperoni,301 → 200,https://pepperoni.tatar/en/pepperoni,https://pepperoni.tatar/en/pepperoni,en,no,pepperoni,pepperoni,match,,301 keep,yes,
24,https://pepperoni.tatar/en/geo/halal-pizza-toppings-cape-town,2,2026-07-01..2026-09-06,en,301,/en/pepperoni,301 → 200,https://pepperoni.tatar/en/pepperoni,https://pepperoni.tatar/en/pepperoni,en,no,pepperoni,pepperoni,match,,301 keep,yes,
25,https://pepperoni.tatar/en/geo/halal-raw-meat-johor-bahru,2,2026-07-01..2026-09-06,en,410,,301 → 200,https://pepperoni.tatar/en/products,https://pepperoni.tatar/en/products,en,no,not-sold,catalog,410 correct (not in catalog),,410 no matching hub (leftover),yes,
26,https://pepperoni.tatar/en/geo/halal-smoked-delicacies-dubai,2,2026-07-01..2026-09-06,en,301,/en/kolbasy-kopchyonye,301 → 200,https://pepperoni.tatar/en/products,https://pepperoni.tatar/en/products,en,no,smoked,catalog,mismatch,family mismatch,301 review,yes,
27,https://pepperoni.tatar/en/geo/premium-kazylyk-horse-sausage-tallinn,2,2026-07-01..2026-09-06,en,301,/en/kazylyk,301 → 200,https://pepperoni.tatar/en/kazylyk,https://pepperoni.tatar/en/kazylyk,en,no,kazylyk,kazylyk,match,,301 keep,yes,
28,https://pepperoni.tatar/fr/geo/kazylyk-premium-rabat,2,2026-07-01..2026-09-06,fr,301,/en/kazylyk,301 → 200,https://pepperoni.tatar/en/kazylyk,https://pepperoni.tatar/en/kazylyk,en,yes,kazylyk,kazylyk,match,,301 keep,yes,
29,https://pepperoni.tatar/fr/geo/pepperoni-casablanca-c,2,2026-07-01..2026-09-06,fr,301,/en/pepperoni,301 → 200,https://pepperoni.tatar/en/pepperoni,https://pepperoni.tatar/en/pepperoni,en,yes,pepperoni,pepperoni,match,,301 keep,yes,
30,https://pepperoni.tatar/fr/geo/topping-dlya-pitstsy-dakar,2,2026-07-01..2026-09-06,fr,301,/en/pepperoni,301 → 200,https://pepperoni.tatar/en/pepperoni,https://pepperoni.tatar/en/pepperoni,en,yes,pepperoni,pepperoni,match,,301 keep,yes,
31,https://pepperoni.tatar/geo/kazylyk-premium-angarsk,2,2026-07-01..2026-09-06,ru,301,/kazylyk,301 → 200,https://pepperoni.tatar/kazylyk,https://pepperoni.tatar/kazylyk,ru,no,kazylyk,kazylyk,match,,301 keep,no,
32,https://pepperoni.tatar/geo/kazylyk-premium-derbent,2,2026-07-01..2026-09-06,ru,301,/kazylyk,301 → 200,https://pepperoni.tatar/kazylyk,https://pepperoni.tatar/kazylyk,ru,no,kazylyk,kazylyk,match,,301 keep,no,
33,https://pepperoni.tatar/geo/kazylyk-premium-krasnoyarsk,2,2026-07-01..2026-09-06,ru,301,/kazylyk,301 → 200,https://pepperoni.tatar/kazylyk,https://pepperoni.tatar/kazylyk,ru,no,kazylyk,kazylyk,match,,301 keep,no,
34,https://pepperoni.tatar/geo/kazylyk-premium-vilnius,2,2026-07-01..2026-09-06,ru,301,/kazylyk,301 → 200,https://pepperoni.tatar/kazylyk,https://pepperoni.tatar/kazylyk,ru,no,kazylyk,kazylyk,match,,301 keep,no,
35,https://pepperoni.tatar/geo/kazylyk-premium-vladivostok,2,2026-07-01..2026-09-06,ru,301,/kazylyk,301 → 200,https://pepperoni.tatar/kazylyk,https://pepperoni.tatar/kazylyk,ru,no,kazylyk,kazylyk,match,,301 keep,no,
36,https://pepperoni.tatar/geo/kopchenye-delikatesy-bryansk,2,2026-07-01..2026-09-06,ru,301,/kolbasy-kopchyonye,301 → 200,https://pepperoni.tatar/products,https://pepperoni.tatar/products,ru,no,smoked,catalog,mismatch,family mismatch,301 review,no,
37,https://pepperoni.tatar/geo/kotlety-dlya-burgerov-mahachkala,2,2026-07-01..2026-09-06,ru,301,/kotlety-dlya-burgerov,301 → 200,https://pepperoni.tatar/kotlety-dlya-burgerov,https://pepperoni.tatar/kotlety-dlya-burgerov,ru,no,burger,burger,match,,301 keep,no,
38,https://pepperoni.tatar/geo/kotlety-dlya-burgerov-ufa,2,2026-07-01..2026-09-06,ru,301,/kotlety-dlya-burgerov,301 → 200,https://pepperoni.tatar/kotlety-dlya-burgerov,https://pepperoni.tatar/kotlety-dlya-burgerov,ru,no,burger,burger,match,,301 keep,no,
39,https://pepperoni.tatar/geo/pelmeni-vladivostok,2,2026-07-01..2026-09-06,ru,410,,301 → 200,https://pepperoni.tatar/products,https://pepperoni.tatar/products,ru,no,not-sold,catalog,410 correct (not in catalog),,410 no matching hub (leftover),no,
40,https://pepperoni.tatar/geo/pepperoni-omsk,2,2026-07-01..2026-09-06,ru,301,/pepperoni,301 → 200,https://pepperoni.tatar/pepperoni,https://pepperoni.tatar/pepperoni,ru,no,pepperoni,pepperoni,match,,301 keep,no,
41,https://pepperoni.tatar/geo/pepperoni-stavropol,2,2026-07-01..2026-09-06,ru,301,/pepperoni,301 → 200,https://pepperoni.tatar/pepperoni,https://pepperoni.tatar/pepperoni,ru,no,pepperoni,pepperoni,match,,301 keep,no,
42,https://pepperoni.tatar/geo/pepperoni-ust-kamenogorsk,2,2026-07-01..2026-09-06,ru,301,/pepperoni,301 → 200,https://pepperoni.tatar/pepperoni,https://pepperoni.tatar/pepperoni,ru,no,pepperoni,pepperoni,match,,301 keep,no,
43,https://pepperoni.tatar/geo/private-label-stm-brest-d,2,2026-07-01..2026-09-06,ru,301,/kontraktnoe-proizvodstvo,301 → 200,https://pepperoni.tatar/kontraktnoe-proizvodstvo,https://pepperoni.tatar/kontraktnoe-proizvodstvo,ru,no,private-label,private-label,match,,301 keep,no,
44,https://pepperoni.tatar/geo/sosiki-dlya-hotdog-astana,2,2026-07-01..2026-09-06,ru,301,/sosiski-dlya-hotdog,301 → 200,https://pepperoni.tatar/sosiski-dlya-hotdog,https://pepperoni.tatar/sosiski-dlya-hotdog,ru,no,sausages,sausages,match,,301 keep,no,
45,https://pepperoni.tatar/geo/sosiki-dlya-hotdog-krasnodar,2,2026-07-01..2026-09-06,ru,301,/sosiski-dlya-hotdog,301 → 200,https://pepperoni.tatar/sosiski-dlya-hotdog,https://pepperoni.tatar/sosiski-dlya-hotdog,ru,no,sausages,sausages,match,,301 keep,no,
46,https://pepperoni.tatar/geo/sosiki-dlya-hotdog-omsk,2,2026-07-01..2026-09-06,ru,301,/sosiski-dlya-hotdog,301 → 200,https://pepperoni.tatar/sosiski-dlya-hotdog,https://pepperoni.tatar/sosiski-dlya-hotdog,ru,no,sausages,sausages,match,,301 keep,no,
47,https://pepperoni.tatar/geo/sosiki-dlya-hotdog-penza,2,2026-07-01..2026-09-06,ru,301,/sosiski-dlya-hotdog,301 → 200,https://pepperoni.tatar/sosiski-dlya-hotdog,https://pepperoni.tatar/sosiski-dlya-hotdog,ru,no,sausages,sausages,match,,301 keep,no,
48,https://pepperoni.tatar/geo/sosiki-dlya-hotdog-uzbekistan,2,2026-07-01..2026-09-06,ru,301,/sosiski-dlya-hotdog,301 → 200,https://pepperoni.tatar/sosiski-dlya-hotdog,https://pepperoni.tatar/sosiski-dlya-hotdog,ru,no,sausages,sausages,match,,301 keep,no,
49,https://pepperoni.tatar/geo/sosiski-dlya-hotdog-chisinau,2,2026-07-01..2026-09-06,ru,301,/sosiski-dlya-hotdog,301 → 200,https://pepperoni.tatar/sosiski-dlya-hotdog,https://pepperoni.tatar/sosiski-dlya-hotdog,ru,no,sausages,sausages,match,,301 keep,no,
50,https://pepperoni.tatar/geo/sosiski-dlya-hotdog-shymkent,2,2026-07-01..2026-09-06,ru,301,/sosiski-dlya-hotdog,301 → 200,https://pepperoni.tatar/sosiski-dlya-hotdog,https://pepperoni.tatar/sosiski-dlya-hotdog,ru,no,sausages,sausages,match,,301 keep,no,
51,https://pepperoni.tatar/geo/sosiski-dlya-hotdog-tbilisi,2,2026-07-01..2026-09-06,ru,301,/sosiski-dlya-hotdog,301 → 200,https://pepperoni.tatar/sosiski-dlya-hotdog,https://pepperoni.tatar/sosiski-dlya-hotdog,ru,no,sausages,sausages,match,,301 keep,no,
52,https://pepperoni.tatar/geo/sosiski-dlya-hotdog-vladivostok,2,2026-07-01..2026-09-06,ru,301,/sosiski-dlya-hotdog,301 → 200,https://pepperoni.tatar/sosiski-dlya-hotdog,https://pepperoni.tatar/sosiski-dlya-hotdog,ru,no,sausages,sausages,match,,301 keep,no,
53,https://pepperoni.tatar/geo/sosiski-v-teste-minsk,2,2026-07-01..2026-09-06,ru,301,/sosiski-dlya-hotdog,301 → 200,https://pepperoni.tatar/sosiski-dlya-hotdog,https://pepperoni.tatar/sosiski-dlya-hotdog,ru,no,sausages,sausages,match,,301 keep,no,
54,https://pepperoni.tatar/geo/syroje-myaso-batumi,2,2026-07-01..2026-09-06,ru,410,,301 → 200,https://pepperoni.tatar/products,https://pepperoni.tatar/products,ru,no,not-sold,catalog,410 correct (not in catalog),,410 no matching hub (leftover),no,
55,https://pepperoni.tatar/geo/syroje-myaso-chisinau,2,2026-07-01..2026-09-06,ru,410,,301 → 200,https://pepperoni.tatar/products,https://pepperoni.tatar/products,ru,no,not-sold,catalog,410 correct (not in catalog),,410 no matching hub (leftover),no,
56,https://pepperoni.tatar/geo/syroje-myaso-magnitogorsk,2,2026-07-01..2026-09-06,ru,410,,301 → 200,https://pepperoni.tatar/products,https://pepperoni.tatar/products,ru,no,not-sold,catalog,410 correct (not in catalog),,410 no matching hub (leftover),no,
57,https://pepperoni.tatar/geo/syroje-myaso-nizhnekamsk,2,2026-07-01..2026-09-06,ru,410,,301 → 200,https://pepperoni.tatar/products,https://pepperoni.tatar/products,ru,no,not-sold,catalog,410 correct (not in catalog),,410 no matching hub (leftover),no,
58,https://pepperoni.tatar/geo/syroje-myaso-nizhnekamsk-b,2,2026-07-01..2026-09-06,ru,410,,301 → 200,https://pepperoni.tatar/products,https://pepperoni.tatar/products,ru,no,not-sold,catalog,410 correct (not in catalog),,410 no matching hub (leftover),no,
59,https://pepperoni.tatar/geo/syroje-myaso-rubtsovsk,2,2026-07-01..2026-09-06,ru,410,,301 → 200,https://pepperoni.tatar/products,https://pepperoni.tatar/products,ru,no,not-sold,catalog,410 correct (not in catalog),,410 no matching hub (leftover),no,
60,https://pepperoni.tatar/geo/syroje-myaso-sterlitamak,2,2026-07-01..2026-09-06,ru,410,,301 → 200,https://pepperoni.tatar/products,https://pepperoni.tatar/products,ru,no,not-sold,catalog,410 correct (not in catalog),,410 no matching hub (leftover),no,
61,https://pepperoni.tatar/geo/syroje-myaso-ust-kamenogorsk,2,2026-07-01..2026-09-06,ru,410,,301 → 200,https://pepperoni.tatar/products,https://pepperoni.tatar/products,ru,no,not-sold,catalog,410 correct (not in catalog),,410 no matching hub (leftover),no,
62,https://pepperoni.tatar/geo/syroje-myaso-zelenodolsk,2,2026-07-01..2026-09-06,ru,410,,301 → 200,https://pepperoni.tatar/products,https://pepperoni.tatar/products,ru,no,not-sold,catalog,410 correct (not in catalog),,410 no matching hub (leftover),no,
63,https://pepperoni.tatar/geo/vetchina-maikop,2,2026-07-01..2026-09-06,ru,301,/vetchina-optom,301 → 200,https://pepperoni.tatar/vetchina-optom,https://pepperoni.tatar/vetchina-optom,ru,no,ham,ham,match,,301 keep,no,
64,https://pepperoni.tatar/geo/vetchina-tashkent,2,2026-07-01..2026-09-06,ru,301,/vetchina-optom,301 → 200,https://pepperoni.tatar/vetchina-optom,https://pepperoni.tatar/vetchina-optom,ru,no,ham,ham,match,,301 keep,no,
65,https://pepperoni.tatar/geo/vypechka-klassicheskaya-nizhnevartovsk,2,2026-07-01..2026-09-06,ru,301,/vyipechka-halyal,301 → 200,https://pepperoni.tatar/vyipechka-halyal,https://pepperoni.tatar/vyipechka-halyal,ru,no,bakery,bakery,match,,301 keep,no,
66,https://pepperoni.tatar/geo/vypechka-klassicheskaya-pyatigorsk,2,2026-07-01..2026-09-06,ru,301,/vyipechka-halyal,301 → 200,https://pepperoni.tatar/vyipechka-halyal,https://pepperoni.tatar/vyipechka-halyal,ru,no,bakery,bakery,match,,301 keep,no,
67,https://pepperoni.tatar/geo/vypechka-tatarskaya-almetyevsk,2,2026-07-01..2026-09-06,ru,301,/vyipechka-halyal,301 → 200,https://pepperoni.tatar/vyipechka-halyal,https://pepperoni.tatar/vyipechka-halyal,ru,no,bakery,bakery,match,,301 keep,no,
68,https://pepperoni.tatar/geo/vypechka-tatarskaya-derbent,2,2026-07-01..2026-09-06,ru,301,/vyipechka-halyal,301 → 200,https://pepperoni.tatar/vyipechka-halyal,https://pepperoni.tatar/vyipechka-halyal,ru,no,bakery,bakery,match,,301 keep,no,
69,https://pepperoni.tatar/geo/vypechka-tatarskaya-kaliningrad,2,2026-07-01..2026-09-06,ru,301,/vyipechka-halyal,301 → 200,https://pepperoni.tatar/vyipechka-halyal,https://pepperoni.tatar/vyipechka-halyal,ru,no,bakery,bakery,match,,301 keep,no,
70,https://pepperoni.tatar/geo/vypechka-tatarskaya-orsk,2,2026-07-01..2026-09-06,ru,301,/vyipechka-halyal,301 → 200,https://pepperoni.tatar/vyipechka-halyal,https://pepperoni.tatar/vyipechka-halyal,ru,no,bakery,bakery,match,,301 keep,no,
71,https://pepperoni.tatar/geo/vypechka-tatarskaya-yoshkar-ola,2,2026-07-01..2026-09-06,ru,301,/vyipechka-halyal,301 → 200,https://pepperoni.tatar/vyipechka-halyal,https://pepperoni.tatar/vyipechka-halyal,ru,no,bakery,bakery,match,,301 keep,no,
72,https://pepperoni.tatar/id/geo/kotlety-dlya-burgerov-surabaya,2,2026-07-01..2026-09-06,id,301,/en/kotlety-dlya-burgerov,301 → 200,https://pepperoni.tatar/en/kotlety-dlya-burgerov,https://pepperoni.tatar/en/kotlety-dlya-burgerov,en,yes,burger,burger,match,,301 keep,yes,
73,https://pepperoni.tatar/ky/geo/vetchina-bishkek-c,2,2026-07-01..2026-09-06,ky,301,/vetchina-optom,301 → 200,https://pepperoni.tatar/en/vetchina-optom,https://pepperoni.tatar/en/vetchina-optom,en,yes,ham,ham,match,,301 keep,yes,
74,https://pepperoni.tatar/ms/geo/kazylyk-premium-johor-bahru,2,2026-07-01..2026-09-06,ms,301,/en/kazylyk,301 → 200,https://pepperoni.tatar/en/kazylyk,https://pepperoni.tatar/en/kazylyk,en,yes,kazylyk,kazylyk,match,,301 keep,yes,
75,https://pepperoni.tatar/ms/geo/topping-dlya-pitstsy-kota-kinabalu,2,2026-07-01..2026-09-06,ms,301,/en/pepperoni,301 → 200,https://pepperoni.tatar/en/pepperoni,https://pepperoni.tatar/en/pepperoni,en,yes,pepperoni,pepperoni,match,,301 keep,yes,
76,https://pepperoni.tatar/geo/kazylyk-premium-ufa,2,2026-07-01..2026-09-06,ru,301,/kazylyk,301 → 200,https://pepperoni.tatar/kazylyk,https://pepperoni.tatar/kazylyk,ru,no,kazylyk,kazylyk,match,,301 keep,no,
77,https://pepperoni.tatar/geo/kazylyk-premium-ussuriysk,2,2026-07-01..2026-09-06,ru,301,/kazylyk,301 → 200,https://pepperoni.tatar/kazylyk,https://pepperoni.tatar/kazylyk,ru,no,kazylyk,kazylyk,match,,301 keep,no,
78,https://pepperoni.tatar/geo/kazylyk-premium-zelenodolsk,2,2026-07-01..2026-09-06,ru,301,/kazylyk,301 → 200,https://pepperoni.tatar/kazylyk,https://pepperoni.tatar/kazylyk,ru,no,kazylyk,kazylyk,match,,301 keep,no,
79,https://pepperoni.tatar/geo/pepperoni-novosibirsk,2,2026-07-01..2026-09-06,ru,301,/pepperoni,301 → 200,https://pepperoni.tatar/pepperoni,https://pepperoni.tatar/pepperoni,ru,no,pepperoni,pepperoni,match,,301 keep,no,
80,https://pepperoni.tatar/geo/private-label-stm-vitebsk,2,2026-07-01..2026-09-06,ru,301,/kontraktnoe-proizvodstvo,301 → 200,https://pepperoni.tatar/kontraktnoe-proizvodstvo,https://pepperoni.tatar/kontraktnoe-proizvodstvo,ru,no,private-label,private-label,match,,301 keep,no,
81,https://pepperoni.tatar/geo/sosiski-dlya-hotdog-nizhnevartovsk,2,2026-07-01..2026-09-06,ru,301,/sosiski-dlya-hotdog,301 → 200,https://pepperoni.tatar/sosiski-dlya-hotdog,https://pepperoni.tatar/sosiski-dlya-hotdog,ru,no,sausages,sausages,match,,301 keep,no,
82,https://pepperoni.tatar/geo/sosiski-dlya-hotdog-tver,2,2026-07-01..2026-09-06,ru,301,/sosiski-dlya-hotdog,301 → 200,https://pepperoni.tatar/sosiski-dlya-hotdog,https://pepperoni.tatar/sosiski-dlya-hotdog,ru,no,sausages,sausages,match,,301 keep,no,
83,https://pepperoni.tatar/geo/vypechka-klassicheskaya-lyubertsy,2,2026-07-01..2026-09-06,ru,301,/vyipechka-halyal,301 → 200,https://pepperoni.tatar/vyipechka-halyal,https://pepperoni.tatar/vyipechka-halyal,ru,no,bakery,bakery,match,,301 keep,no,
84,https://pepperoni.tatar/ar/geo/babbroni-halal-alexandria,1,2026-07-01..2026-09-06,ar,301,/en/pepperoni,301 → 200,https://pepperoni.tatar/en/pepperoni,https://pepperoni.tatar/en/pepperoni,en,yes,pepperoni,pepperoni,match,,301 keep,yes,
85,https://pepperoni.tatar/ar/geo/babbroni-halal-rabat,1,2026-07-01..2026-09-06,ar,301,/en/pepperoni,301 → 200,https://pepperoni.tatar/en/pepperoni,https://pepperoni.tatar/en/pepperoni,en,yes,pepperoni,pepperoni,match,,301 keep,yes,
86,https://pepperoni.tatar/ar/geo/burgir-lahmeh-halal-muscat-d,1,2026-07-01..2026-09-06,ar,301,/en/kotlety-dlya-burgerov,301 → 200,https://pepperoni.tatar/en/products,https://pepperoni.tatar/en/products,en,yes,burger,catalog,mismatch,family mismatch,301 review,yes,
87,https://pepperoni.tatar/ar/geo/burgir-lahmeh-halal-sanaa,1,2026-07-01..2026-09-06,ar,301,/en/kotlety-dlya-burgerov,301 → 200,https://pepperoni.tatar/en/products,https://pepperoni.tatar/en/products,en,yes,burger,catalog,mismatch,family mismatch,301 review,yes,
88,https://pepperoni.tatar/ar/geo/ham-halal-muscat,1,2026-07-01..2026-09-06,ar,301,/en/vetchina-optom,301 → 200,https://pepperoni.tatar/en/vetchina-optom,https://pepperoni.tatar/en/vetchina-optom,en,yes,ham,ham,match,,301 keep,yes,
89,https://pepperoni.tatar/ar/geo/ham-halal-salalah,1,2026-07-01..2026-09-06,ar,301,/en/vetchina-optom,301 → 200,https://pepperoni.tatar/en/vetchina-optom,https://pepperoni.tatar/en/vetchina-optom,en,yes,ham,ham,match,,301 keep,yes,
90,https://pepperoni.tatar/ar/geo/lahmeh-niya-halal-dammam,1,2026-07-01..2026-09-06,ar,410,,301 → 200,https://pepperoni.tatar/en/products,https://pepperoni.tatar/en/products,en,yes,not-sold,catalog,410 correct (not in catalog),,410 no matching hub (leftover),no,
91,https://pepperoni.tatar/ar/geo/lahmeh-niya-halal-medina,1,2026-07-01..2026-09-06,ar,410,,301 → 200,https://pepperoni.tatar/en/products,https://pepperoni.tatar/en/products,en,yes,not-sold,catalog,410 correct (not in catalog),,410 no matching hub (leftover),no,
92,https://pepperoni.tatar/ar/geo/makhbuzat-halal-rabat,1,2026-07-01..2026-09-06,ar,301,/en/vyipechka-halyal,301 → 200,https://pepperoni.tatar/en/products,https://pepperoni.tatar/en/products,en,yes,bakery,catalog,mismatch,family mismatch,301 review,yes,
93,https://pepperoni.tatar/ar/geo/makhbuzat-halal-sanaa,1,2026-07-01..2026-09-06,ar,301,/en/vyipechka-halyal,301 → 200,https://pepperoni.tatar/en/products,https://pepperoni.tatar/en/products,en,yes,bakery,catalog,mismatch,family mismatch,301 review,yes,
94,https://pepperoni.tatar/ar/geo/pelmeni-halal-muscat,1,2026-07-01..2026-09-06,ar,410,,301 → 200,https://pepperoni.tatar/en/products,https://pepperoni.tatar/en/products,en,yes,not-sold,catalog,410 correct (not in catalog),,410 no matching hub (leftover),no,
95,https://pepperoni.tatar/ar/geo/sujuk-hotdog-halal-khartoum,1,2026-07-01..2026-09-06,ar,301,/en/sosiski-dlya-hotdog,301 → 200,https://pepperoni.tatar/en/sosiski-dlya-hotdog,https://pepperoni.tatar/en/sosiski-dlya-hotdog,en,yes,sausages,sausages,match,,301 keep,yes,
96,https://pepperoni.tatar/ar/geo/sujuk-hotdog-halal-kuwait-city,1,2026-07-01..2026-09-06,ar,301,/en/sosiski-dlya-hotdog,301 → 200,https://pepperoni.tatar/en/sosiski-dlya-hotdog,https://pepperoni.tatar/en/sosiski-dlya-hotdog,en,yes,sausages,sausages,match,,301 keep,yes,
97,https://pepperoni.tatar/az/geo/kolbasnye-izdeliya-baku,1,2026-07-01..2026-09-06,az,301,/products,301 → 200,https://pepperoni.tatar/en/products,https://pepperoni.tatar/en/products,en,yes,catalog,catalog,match,,301 keep,yes,
98,https://pepperoni.tatar/az/geo/kotlety-dlya-burgerov-mingachevir,1,2026-07-01..2026-09-06,az,301,/kotlety-dlya-burgerov,301 → 200,https://pepperoni.tatar/en/kotlety-dlya-burgerov,https://pepperoni.tatar/en/kotlety-dlya-burgerov,en,yes,burger,burger,match,,301 keep,yes,
99,https://pepperoni.tatar/be/geo/private-label-stm-minsk,1,2026-07-01..2026-09-06,ru,301,/kontraktnoe-proizvodstvo,301 → 200,https://pepperoni.tatar/en/private-label,https://pepperoni.tatar/en/private-label,en,yes,private-label,private-label,match,,301 keep,yes,
100,https://pepperoni.tatar/en/geo/halal-bakery-classic-ipoh,1,2026-07-01..2026-09-06,en,301,/en/vyipechka-halyal,301 → 200,https://pepperoni.tatar/en/products,https://pepperoni.tatar/en/products,en,no,bakery,catalog,mismatch,family mismatch,301 review,no,
101,https://pepperoni.tatar/en/geo/halal-bakery-classic-johannesburg,1,2026-07-01..2026-09-06,en,301,/en/vyipechka-halyal,301 → 200,https://pepperoni.tatar/en/products,https://pepperoni.tatar/en/products,en,no,bakery,catalog,mismatch,family mismatch,301 review,no,
102,https://pepperoni.tatar/en/geo/halal-bakery-classic-vilnius,1,2026-07-01..2026-09-06,en,301,/en/vyipechka-halyal,301 → 200,https://pepperoni.tatar/en/products,https://pepperoni.tatar/en/products,en,no,bakery,catalog,mismatch,family mismatch,301 review,no,
103,https://pepperoni.tatar/en/geo/halal-burger-patties-daugavpils,1,2026-07-01..2026-09-06,en,301,/en/kotlety-dlya-burgerov,301 → 200,https://pepperoni.tatar/en/kotlety-dlya-burgerov,https://pepperoni.tatar/en/kotlety-dlya-burgerov,en,no,burger,burger,match,,301 keep,no,
104,https://pepperoni.tatar/en/geo/halal-burger-patties-tallinn,1,2026-07-01..2026-09-06,en,301,/en/kotlety-dlya-burgerov,301 → 200,https://pepperoni.tatar/en/kotlety-dlya-burgerov,https://pepperoni.tatar/en/kotlety-dlya-burgerov,en,no,burger,burger,match,,301 keep,no,
105,https://pepperoni.tatar/en/geo/halal-corn-dog-sausages-dubai,1,2026-07-01..2026-09-06,en,301,/en/vyipechka-halyal,301 → 200,https://pepperoni.tatar/en/products,https://pepperoni.tatar/en/products,en,no,bakery,catalog,mismatch,family mismatch,301 review,no,
106,https://pepperoni.tatar/en/geo/halal-ham-karachi,1,2026-07-01..2026-09-06,en,301,/en/vetchina-optom,301 → 200,https://pepperoni.tatar/en/vetchina-optom,https://pepperoni.tatar/en/vetchina-optom,en,no,ham,ham,match,,301 keep,no,
107,https://pepperoni.tatar/en/geo/halal-hot-dog-sausages-cape-town,1,2026-07-01..2026-09-06,en,301,/en/sosiski-dlya-hotdog,301 → 200,https://pepperoni.tatar/en/products,https://pepperoni.tatar/en/products,en,no,sausages,catalog,mismatch,family mismatch,301 review,no,
108,https://pepperoni.tatar/en/geo/halal-hot-dog-sausages-ipoh,1,2026-07-01..2026-09-06,en,301,/en/sosiski-dlya-hotdog,301 → 200,https://pepperoni.tatar/en/products,https://pepperoni.tatar/en/products,en,no,sausages,catalog,mismatch,family mismatch,301 review,no,
109,https://pepperoni.tatar/en/geo/halal-hot-dog-sausages-johannesburg,1,2026-07-01..2026-09-06,en,301,/en/sosiski-dlya-hotdog,301 → 200,https://pepperoni.tatar/en/products,https://pepperoni.tatar/en/products,en,no,sausages,catalog,mismatch,family mismatch,301 review,no,
110,https://pepperoni.tatar/en/geo/halal-pelmeni-dumplings-daugavpils,1,2026-07-01..2026-09-06,en,410,,301 → 200,https://pepperoni.tatar/en/products,https://pepperoni.tatar/en/products,en,no,not-sold,catalog,410 correct (not in catalog),,410 no matching hub (leftover),no,
111,https://pepperoni.tatar/en/geo/halal-pepperoni-bandar-seri-begawan,1,2026-07-01..2026-09-06,en,301,/en/pepperoni,301 → 200,https://pepperoni.tatar/en/pepperoni,https://pepperoni.tatar/en/pepperoni,en,no,pepperoni,pepperoni,match,,301 keep,no,
112,https://pepperoni.tatar/en/geo/halal-pepperoni-dammam,1,2026-07-01..2026-09-06,en,301,/en/pepperoni,301 → 200,https://pepperoni.tatar/en/pepperoni,https://pepperoni.tatar/en/pepperoni,en,no,pepperoni,pepperoni,match,,301 keep,no,
113,https://pepperoni.tatar/en/geo/halal-pepperoni-johannesburg,1,2026-07-01..2026-09-06,en,301,/en/pepperoni,301 → 200,https://pepperoni.tatar/en/pepperoni,https://pepperoni.tatar/en/pepperoni,en,no,pepperoni,pepperoni,match,,301 keep,no,
114,https://pepperoni.tatar/en/geo/halal-pepperoni-qatar,1,2026-07-01..2026-09-06,en,301,/en/pepperoni,301 → 200,https://pepperoni.tatar/en/pepperoni,https://pepperoni.tatar/en/pepperoni,en,no,pepperoni,pepperoni,match,,301 keep,no,
115,https://pepperoni.tatar/en/geo/halal-pepperoni-turkey,1,2026-07-01..2026-09-06,en,301,/en/pepperoni,301 → 200,https://pepperoni.tatar/en/pepperoni,https://pepperoni.tatar/en/pepperoni,en,no,pepperoni,pepperoni,match,,301 keep,no,
116,https://pepperoni.tatar/en/geo/halal-pizza-toppings-chittagong,1,2026-07-01..2026-09-06,en,301,/en/pepperoni,301 → 200,https://pepperoni.tatar/en/pepperoni,https://pepperoni.tatar/en/pepperoni,en,no,pepperoni,pepperoni,match,,301 keep,no,
117,https://pepperoni.tatar/en/geo/halal-pizza-toppings-dubai-c,1,2026-07-01..2026-09-06,en,301,/en/pepperoni,301 → 200,https://pepperoni.tatar/en/pepperoni,https://pepperoni.tatar/en/pepperoni,en,no,pepperoni,pepperoni,match,,301 keep,no,
118,https://pepperoni.tatar/en/geo/halal-pizza-toppings-kota-kinabalu,1,2026-07-01..2026-09-06,en,301,/en/pepperoni,301 → 200,https://pepperoni.tatar/en/pepperoni,https://pepperoni.tatar/en/pepperoni,en,no,pepperoni,pepperoni,match,,301 keep,no,
119,https://pepperoni.tatar/en/geo/halal-pizza-toppings-lahore,1,2026-07-01..2026-09-06,en,301,/en/pepperoni,301 → 200,https://pepperoni.tatar/en/pepperoni,https://pepperoni.tatar/en/pepperoni,en,no,pepperoni,pepperoni,match,,301 keep,no,
120,https://pepperoni.tatar/en/geo/halal-pizza-toppings-surabaya-d,1,2026-07-01..2026-09-06,en,301,/en/pepperoni,301 → 200,https://pepperoni.tatar/en/pepperoni,https://pepperoni.tatar/en/pepperoni,en,no,pepperoni,pepperoni,match,,301 keep,no,
121,https://pepperoni.tatar/en/geo/halal-pizza-toppings-tartu,1,2026-07-01..2026-09-06,en,301,/en/pepperoni,301 → 200,https://pepperoni.tatar/en/pepperoni,https://pepperoni.tatar/en/pepperoni,en,no,pepperoni,pepperoni,match,,301 keep,no,
122,https://pepperoni.tatar/en/geo/halal-raw-meat-amman,1,2026-07-01..2026-09-06,en,410,,301 → 200,https://pepperoni.tatar/en/products,https://pepperoni.tatar/en/products,en,no,not-sold,catalog,410 correct (not in catalog),,410 no matching hub (leftover),no,
123,https://pepperoni.tatar/en/geo/halal-sausage-products-dubai,1,2026-07-01..2026-09-06,en,301,/en/sosiski-dlya-hotdog,301 → 200,https://pepperoni.tatar/en/products,https://pepperoni.tatar/en/products,en,no,sausages,catalog,mismatch,family mismatch,301 review,no,
124,https://pepperoni.tatar/en/geo/halal-smoked-delicacies-abuja,1,2026-07-01..2026-09-06,en,301,/en/kolbasy-kopchyonye,301 → 200,https://pepperoni.tatar/en/products,https://pepperoni.tatar/en/products,en,no,smoked,catalog,mismatch,family mismatch,301 review,no,
125,https://pepperoni.tatar/en/geo/halal-smoked-delicacies-kano,1,2026-07-01..2026-09-06,en,301,/en/kolbasy-kopchyonye,301 → 200,https://pepperoni.tatar/en/products,https://pepperoni.tatar/en/products,en,no,smoked,catalog,mismatch,family mismatch,301 review,no,
126,https://pepperoni.tatar/en/geo/pepperoni-govyadina-belarus,1,2026-07-01..2026-09-06,en,301,/en/pepperoni,301 → 200,https://pepperoni.tatar/en/pepperoni,https://pepperoni.tatar/en/pepperoni,en,no,pepperoni,pepperoni,match,,301 keep,no,
127,https://pepperoni.tatar/en/geo/premium-kazylyk-horse-sausage-daugavpils,1,2026-07-01..2026-09-06,en,301,/en/kazylyk,301 → 200,https://pepperoni.tatar/en/kazylyk,https://pepperoni.tatar/en/kazylyk,en,no,kazylyk,kazylyk,match,,301 keep,no,
128,https://pepperoni.tatar/en/geo/premium-kazylyk-horse-sausage-doha,1,2026-07-01..2026-09-06,en,301,/en/kazylyk,301 → 200,https://pepperoni.tatar/en/kazylyk,https://pepperoni.tatar/en/kazylyk,en,no,kazylyk,kazylyk,match,,301 keep,no,
129,https://pepperoni.tatar/en/geo/private-label-halal-nairobi,1,2026-07-01..2026-09-06,en,301,/en/private-label,301 → 200,https://pepperoni.tatar/en/private-label,https://pepperoni.tatar/en/private-label,en,no,private-label,private-label,match,,301 keep,no,
130,https://pepperoni.tatar/en/geo/private-label-halal-riga,1,2026-07-01..2026-09-06,en,301,/en/private-label,301 → 200,https://pepperoni.tatar/en/private-label,https://pepperoni.tatar/en/private-label,en,no,private-label,private-label,match,,301 keep,no,
131,https://pepperoni.tatar/en/geo/private-label-halal-vilnius-c,1,2026-07-01..2026-09-06,en,301,/en/private-label,301 → 200,https://pepperoni.tatar/en/private-label,https://pepperoni.tatar/en/private-label,en,no,private-label,private-label,match,,301 keep,no,
132,https://pepperoni.tatar/en/geo/private-label-stm-daugavpils,1,2026-07-01..2026-09-06,en,301,/en/private-label,301 → 200,https://pepperoni.tatar/en/private-label,https://pepperoni.tatar/en/private-label,en,no,private-label,private-label,match,,301 keep,no,
133,https://pepperoni.tatar/en/geo/tatar-halal-bakery-riga,1,2026-07-01..2026-09-06,en,301,/en/vyipechka-halyal,301 → 200,https://pepperoni.tatar/en/products,https://pepperoni.tatar/en/products,en,no,bakery,catalog,mismatch,family mismatch,301 review,no,
134,https://pepperoni.tatar/en/geo/vypechka-tatarskaya-daugavpils,1,2026-07-01..2026-09-06,en,301,/en/vyipechka-halyal,301 → 200,https://pepperoni.tatar/en/vyipechka-halyal,https://pepperoni.tatar/en/vyipechka-halyal,en,no,bakery,bakery,match,,301 keep,no,
135,https://pepperoni.tatar/fr/geo/kazylyk-premium-tunis,1,2026-07-01..2026-09-06,fr,301,/en/kazylyk,301 → 200,https://pepperoni.tatar/en/kazylyk,https://pepperoni.tatar/en/kazylyk,en,yes,kazylyk,kazylyk,match,,301 keep,yes,
136,https://pepperoni.tatar/fr/geo/private-label-stm-dakar,1,2026-07-01..2026-09-06,fr,301,/en/private-label,301 → 200,https://pepperoni.tatar/en/private-label,https://pepperoni.tatar/en/private-label,en,yes,private-label,private-label,match,,301 keep,yes,
137,https://pepperoni.tatar/fr/geo/syroje-myaso-oran,1,2026-07-01..2026-09-06,fr,410,,301 → 200,https://pepperoni.tatar/en/products,https://pepperoni.tatar/en/products,en,yes,not-sold,catalog,410 correct (not in catalog),,410 no matching hub (leftover),no,
138,https://pepperoni.tatar/fr/geo/syroje-myaso-rabat,1,2026-07-01..2026-09-06,fr,410,,301 → 200,https://pepperoni.tatar/en/products,https://pepperoni.tatar/en/products,en,yes,not-sold,catalog,410 correct (not in catalog),,410 no matching hub (leftover),no,
139,https://pepperoni.tatar/fr/geo/topping-dlya-pitstsy-algiers,1,2026-07-01..2026-09-06,fr,301,/en/pepperoni,301 → 200,https://pepperoni.tatar/en/pepperoni,https://pepperoni.tatar/en/pepperoni,en,yes,pepperoni,pepperoni,match,,301 keep,yes,
140,https://pepperoni.tatar/fr/geo/topping-dlya-pitstsy-rabat,1,2026-07-01..2026-09-06,fr,301,/en/pepperoni,301 → 200,https://pepperoni.tatar/en/pepperoni,https://pepperoni.tatar/en/pepperoni,en,yes,pepperoni,pepperoni,match,,301 keep,yes,
141,https://pepperoni.tatar/fr/geo/topping-dlya-pitstsy-tunis,1,2026-07-01..2026-09-06,fr,301,/en/pepperoni,301 → 200,https://pepperoni.tatar/en/pepperoni,https://pepperoni.tatar/en/pepperoni,en,yes,pepperoni,pepperoni,match,,301 keep,yes,
142,https://pepperoni.tatar/geo/farsh-chelyabinsk,1,2026-07-01..2026-09-06,ru,410,,301 → 200,https://pepperoni.tatar/products,https://pepperoni.tatar/products,ru,no,not-sold,catalog,410 correct (not in catalog),,410 no matching hub (leftover),no,
143,https://pepperoni.tatar/geo/farsh-hasavyurt,1,2026-07-01..2026-09-06,ru,410,,301 → 200,https://pepperoni.tatar/products,https://pepperoni.tatar/products,ru,no,not-sold,catalog,410 correct (not in catalog),,410 no matching hub (leftover),no,
144,https://pepperoni.tatar/geo/farsh-kazan-c,1,2026-07-01..2026-09-06,ru,410,,301 → 200,https://pepperoni.tatar/products,https://pepperoni.tatar/products,ru,no,not-sold,catalog,410 correct (not in catalog),,410 no matching hub (leftover),no,
145,https://pepperoni.tatar/geo/farsh-minusinsk,1,2026-07-01..2026-09-06,ru,410,,301 → 200,https://pepperoni.tatar/products,https://pepperoni.tatar/products,ru,no,not-sold,catalog,410 correct (not in catalog),,410 no matching hub (leftover),no,
146,https://pepperoni.tatar/geo/farsh-nizhnevartovsk,1,2026-07-01..2026-09-06,ru,410,,301 → 200,https://pepperoni.tatar/products,https://pepperoni.tatar/products,ru,no,not-sold,catalog,410 correct (not in catalog),,410 no matching hub (leftover),no,
147,https://pepperoni.tatar/geo/farsh-omsk,1,2026-07-01..2026-09-06,ru,410,,301 → 200,https://pepperoni.tatar/products,https://pepperoni.tatar/products,ru,no,not-sold,catalog,410 correct (not in catalog),,410 no matching hub (leftover),no,
148,https://pepperoni.tatar/geo/farsh-penza-d,1,2026-07-01..2026-09-06,ru,410,,301 → 200,https://pepperoni.tatar/products,https://pepperoni.tatar/products,ru,no,not-sold,catalog,410 correct (not in catalog),,410 no matching hub (leftover),no,
149,https://pepperoni.tatar/geo/farsh-severodvinsk,1,2026-07-01..2026-09-06,ru,410,,301 → 200,https://pepperoni.tatar/products,https://pepperoni.tatar/products,ru,no,not-sold,catalog,410 correct (not in catalog),,410 no matching hub (leftover),no,
150,https://pepperoni.tatar/geo/farsh-stavropol,1,2026-07-01..2026-09-06,ru,410,,301 → 200,https://pepperoni.tatar/products,https://pepperoni.tatar/products,ru,no,not-sold,catalog,410 correct (not in catalog),,410 no matching hub (leftover),no,
151,https://pepperoni.tatar/geo/kazylyk-premium-andijan,1,2026-07-01..2026-09-06,ru,301,/kazylyk,301 → 200,https://pepperoni.tatar/kazylyk,https://pepperoni.tatar/kazylyk,ru,no,kazylyk,kazylyk,match,,301 keep,no,
152,https://pepperoni.tatar/geo/kazylyk-premium-cheboksary,1,2026-07-01..2026-09-06,ru,301,/kazylyk,301 → 200,https://pepperoni.tatar/kazylyk,https://pepperoni.tatar/kazylyk,ru,no,kazylyk,kazylyk,match,,301 keep,no,
153,https://pepperoni.tatar/geo/kazylyk-premium-cherkessk,1,2026-07-01..2026-09-06,ru,301,/kazylyk,301 → 200,https://pepperoni.tatar/kazylyk,https://pepperoni.tatar/kazylyk,ru,no,kazylyk,kazylyk,match,,301 keep,no,
154,https://pepperoni.tatar/geo/kazylyk-premium-kirov,1,2026-07-01..2026-09-06,ru,301,/kazylyk,301 → 200,https://pepperoni.tatar/kazylyk,https://pepperoni.tatar/kazylyk,ru,no,kazylyk,kazylyk,match,,301 keep,no,
155,https://pepperoni.tatar/geo/kazylyk-premium-komsomolsk-na-amure,1,2026-07-01..2026-09-06,ru,301,/kazylyk,301 → 200,https://pepperoni.tatar/kazylyk,https://pepperoni.tatar/kazylyk,ru,no,kazylyk,kazylyk,match,,301 keep,no,
156,https://pepperoni.tatar/geo/kazylyk-premium-kostroma,1,2026-07-01..2026-09-06,ru,301,/kazylyk,301 → 200,https://pepperoni.tatar/kazylyk,https://pepperoni.tatar/kazylyk,ru,no,kazylyk,kazylyk,match,,301 keep,no,
157,https://pepperoni.tatar/geo/kazylyk-premium-maikop,1,2026-07-01..2026-09-06,ru,301,/kazylyk,301 → 200,https://pepperoni.tatar/kazylyk,https://pepperoni.tatar/kazylyk,ru,no,kazylyk,kazylyk,match,,301 keep,no,
158,https://pepperoni.tatar/geo/kazylyk-premium-nakhodka,1,2026-07-01..2026-09-06,ru,301,/kazylyk,301 → 200,https://pepperoni.tatar/kazylyk,https://pepperoni.tatar/kazylyk,ru,no,kazylyk,kazylyk,match,,301 keep,no,
159,https://pepperoni.tatar/geo/kazylyk-premium-nalchik,1,2026-07-01..2026-09-06,ru,301,/kazylyk,301 → 200,https://pepperoni.tatar/kazylyk,https://pepperoni.tatar/kazylyk,ru,no,kazylyk,kazylyk,match,,301 keep,no,
160,https://pepperoni.tatar/geo/kazylyk-premium-nizhniy-novgorod,1,2026-07-01..2026-09-06,ru,301,/kazylyk,301 → 200,https://pepperoni.tatar/kazylyk,https://pepperoni.tatar/kazylyk,ru,no,kazylyk,kazylyk,match,,301 keep,no,
161,https://pepperoni.tatar/geo/kazylyk-premium-novokuznetsk,1,2026-07-01..2026-09-06,ru,301,/kazylyk,301 → 200,https://pepperoni.tatar/kazylyk,https://pepperoni.tatar/kazylyk,ru,no,kazylyk,kazylyk,match,,301 keep,no,
162,https://pepperoni.tatar/geo/kazylyk-premium-novyy-urengoy,1,2026-07-01..2026-09-06,ru,301,/kazylyk,301 → 200,https://pepperoni.tatar/kazylyk,https://pepperoni.tatar/kazylyk,ru,no,kazylyk,kazylyk,match,,301 keep,no,
163,https://pepperoni.tatar/geo/kazylyk-premium-perm,1,2026-07-01..2026-09-06,ru,301,/kazylyk,301 → 200,https://pepperoni.tatar/kazylyk,https://pepperoni.tatar/kazylyk,ru,no,kazylyk,kazylyk,match,,301 keep,no,
164,https://pepperoni.tatar/geo/kazylyk-premium-pyatigorsk,1,2026-07-01..2026-09-06,ru,301,/kazylyk,301 → 200,https://pepperoni.tatar/kazylyk,https://pepperoni.tatar/kazylyk,ru,no,kazylyk,kazylyk,match,,301 keep,no,
165,https://pepperoni.tatar/geo/kazylyk-premium-riga,1,2026-07-01..2026-09-06,ru,301,/kazylyk,301 → 200,https://pepperoni.tatar/kazylyk,https://pepperoni.tatar/kazylyk,ru,no,kazylyk,kazylyk,match,,301 keep,no,
166,https://pepperoni.tatar/geo/kazylyk-premium-surgut,1,2026-07-01..2026-09-06,ru,301,/kazylyk,301 → 200,https://pepperoni.tatar/kazylyk,https://pepperoni.tatar/kazylyk,ru,no,kazylyk,kazylyk,match,,301 keep,no,
167,https://pepperoni.tatar/geo/kazylyk-premium-tambov,1,2026-07-01..2026-09-06,ru,301,/kazylyk,301 → 200,https://pepperoni.tatar/kazylyk,https://pepperoni.tatar/kazylyk,ru,no,kazylyk,kazylyk,match,,301 keep,no,
168,https://pepperoni.tatar/geo/kazylyk-premium-vologda,1,2026-07-01..2026-09-06,ru,301,/kazylyk,301 → 200,https://pepperoni.tatar/kazylyk,https://pepperoni.tatar/kazylyk,ru,no,kazylyk,kazylyk,match,,301 keep,no,
169,https://pepperoni.tatar/geo/kazylyk-premium-yuzhno-sakhalinsk,1,2026-07-01..2026-09-06,ru,301,/kazylyk,301 → 200,https://pepperoni.tatar/kazylyk,https://pepperoni.tatar/kazylyk,ru,no,kazylyk,kazylyk,match,,301 keep,no,
170,https://pepperoni.tatar/geo/kazylyk-premium-zelenodolsk-f,1,2026-07-01..2026-09-06,ru,301,/kazylyk,301 → 200,https://pepperoni.tatar/kazylyk,https://pepperoni.tatar/kazylyk,ru,no,kazylyk,kazylyk,match,,301 keep,no,
171,https://pepperoni.tatar/geo/kolbasnye-izdeliya-blagoveshchensk,1,2026-07-01..2026-09-06,ru,301,/products,301 → 200,https://pepperoni.tatar/products,https://pepperoni.tatar/products,ru,no,catalog,catalog,match,,301 keep,no,
172,https://pepperoni.tatar/geo/kolbasnye-izdeliya-ekaterinburg,1,2026-07-01..2026-09-06,ru,301,/products,301 → 200,https://pepperoni.tatar/products,https://pepperoni.tatar/products,ru,no,catalog,catalog,match,,301 keep,no,
173,https://pepperoni.tatar/geo/kolbasnye-izdeliya-ivanovo,1,2026-07-01..2026-09-06,ru,301,/products,301 → 200,https://pepperoni.tatar/products,https://pepperoni.tatar/products,ru,no,catalog,catalog,match,,301 keep,no,
174,https://pepperoni.tatar/geo/kolbasnye-izdeliya-prokopyevsk,1,2026-07-01..2026-09-06,ru,301,/products,301 → 200,https://pepperoni.tatar/products,https://pepperoni.tatar/products,ru,no,catalog,catalog,match,,301 keep,no,
175,https://pepperoni.tatar/geo/kolbasnye-izdeliya-samara,1,2026-07-01..2026-09-06,ru,301,/products,301 → 200,https://pepperoni.tatar/products,https://pepperoni.tatar/products,ru,no,catalog,catalog,match,,301 keep,no,
176,https://pepperoni.tatar/geo/kolbasnye-izdeliya-zelenodolsk,1,2026-07-01..2026-09-06,ru,301,/products,301 → 200,https://pepperoni.tatar/products,https://pepperoni.tatar/products,ru,no,catalog,catalog,match,,301 keep,no,
177,https://pepperoni.tatar/geo/kopchenye-delikatesy-aktobe,1,2026-07-01..2026-09-06,ru,301,/kolbasy-kopchyonye,301 → 200,https://pepperoni.tatar/products,https://pepperoni.tatar/products,ru,no,smoked,catalog,mismatch,family mismatch,301 review,no,
178,https://pepperoni.tatar/geo/kopchenye-delikatesy-barnaul,1,2026-07-01..2026-09-06,ru,301,/kolbasy-kopchyonye,301 → 200,https://pepperoni.tatar/products,https://pepperoni.tatar/products,ru,no,smoked,catalog,mismatch,family mismatch,301 review,no,
179,https://pepperoni.tatar/geo/kopchenye-delikatesy-blagoveshchensk,1,2026-07-01..2026-09-06,ru,301,/kolbasy-kopchyonye,301 → 200,https://pepperoni.tatar/products,https://pepperoni.tatar/products,ru,no,smoked,catalog,mismatch,family mismatch,301 review,no,
180,https://pepperoni.tatar/geo/kopchenye-delikatesy-brest,1,2026-07-01..2026-09-06,ru,301,/kolbasy-kopchyonye,301 → 200,https://pepperoni.tatar/products,https://pepperoni.tatar/products,ru,no,smoked,catalog,mismatch,family mismatch,301 review,no,
181,https://pepperoni.tatar/geo/kopchenye-delikatesy-gomel,1,2026-07-01..2026-09-06,ru,301,/kolbasy-kopchyonye,301 → 200,https://pepperoni.tatar/products,https://pepperoni.tatar/products,ru,no,smoked,catalog,mismatch,family mismatch,301 review,no,
182,https://pepperoni.tatar/geo/kopchenye-delikatesy-hasavyurt,1,2026-07-01..2026-09-06,ru,301,/kolbasy-kopchyonye,301 → 200,https://pepperoni.tatar/products,https://pepperoni.tatar/products,ru,no,smoked,catalog,mismatch,family mismatch,301 review,no,
183,https://pepperoni.tatar/geo/kopchenye-delikatesy-izhevsk,1,2026-07-01..2026-09-06,ru,301,/kolbasy-kopchyonye,301 → 200,https://pepperoni.tatar/products,https://pepperoni.tatar/products,ru,no,smoked,catalog,mismatch,family mismatch,301 review,no,
184,https://pepperoni.tatar/geo/kopchenye-delikatesy-kaunas,1,2026-07-01..2026-09-06,ru,301,/kolbasy-kopchyonye,301 → 200,https://pepperoni.tatar/products,https://pepperoni.tatar/products,ru,no,smoked,catalog,mismatch,family mismatch,301 review,no,
185,https://pepperoni.tatar/geo/kopchenye-delikatesy-makhachkala,1,2026-07-01..2026-09-06,ru,301,/kolbasy-kopchyonye,301 → 200,https://pepperoni.tatar/products,https://pepperoni.tatar/products,ru,no,smoked,catalog,mismatch,family mismatch,301 review,no,
186,https://pepperoni.tatar/geo/kopchenye-delikatesy-orsk,1,2026-07-01..2026-09-06,ru,301,/kolbasy-kopchyonye,301 → 200,https://pepperoni.tatar/products,https://pepperoni.tatar/products,ru,no,smoked,catalog,mismatch,family mismatch,301 review,no,
187,https://pepperoni.tatar/geo/kopchenye-delikatesy-osh,1,2026-07-01..2026-09-06,ru,301,/kolbasy-kopchyonye,301 → 200,https://pepperoni.tatar/products,https://pepperoni.tatar/products,ru,no,smoked,catalog,mismatch,family mismatch,301 review,no,
188,https://pepperoni.tatar/geo/kopchenye-delikatesy-prokopyevsk,1,2026-07-01..2026-09-06,ru,301,/kolbasy-kopchyonye,301 → 200,https://pepperoni.tatar/products,https://pepperoni.tatar/products,ru,no,smoked,catalog,mismatch,family mismatch,301 review,no,
189,https://pepperoni.tatar/geo/kopchenye-delikatesy-salavat,1,2026-07-01..2026-09-06,ru,301,/kolbasy-kopchyonye,301 → 200,https://pepperoni.tatar/products,https://pepperoni.tatar/products,ru,no,smoked,catalog,mismatch,family mismatch,301 review,no,
190,https://pepperoni.tatar/geo/kopchenye-delikatesy-tambov,1,2026-07-01..2026-09-06,ru,301,/kolbasy-kopchyonye,301 → 200,https://pepperoni.tatar/products,https://pepperoni.tatar/products,ru,no,smoked,catalog,mismatch,family mismatch,301 review,no,
191,https://pepperoni.tatar/geo/kotlety-dlya-burgerov-ekaterinburg-f,1,2026-07-01..2026-09-06,ru,301,/kotlety-dlya-burgerov,301 → 200,https://pepperoni.tatar/kotlety-dlya-burgerov,https://pepperoni.tatar/kotlety-dlya-burgerov,ru,no,burger,burger,match,,301 keep,no,
192,https://pepperoni.tatar/geo/kotlety-dlya-burgerov-gelendzhik,1,2026-07-01..2026-09-06,ru,301,/kotlety-dlya-burgerov,301 → 200,https://pepperoni.tatar/kotlety-dlya-burgerov,https://pepperoni.tatar/kotlety-dlya-burgerov,ru,no,burger,burger,match,,301 keep,no,
193,https://pepperoni.tatar/geo/kotlety-dlya-burgerov-grozny,1,2026-07-01..2026-09-06,ru,301,/kotlety-dlya-burgerov,301 → 200,https://pepperoni.tatar/kotlety-dlya-burgerov,https://pepperoni.tatar/kotlety-dlya-burgerov,ru,no,burger,burger,match,,301 keep,no,
194,https://pepperoni.tatar/geo/kotlety-dlya-burgerov-khabarovsk,1,2026-07-01..2026-09-06,ru,301,/kotlety-dlya-burgerov,301 → 200,https://pepperoni.tatar/kotlety-dlya-burgerov,https://pepperoni.tatar/kotlety-dlya-burgerov,ru,no,burger,burger,match,,301 keep,no,
195,https://pepperoni.tatar/geo/kotlety-dlya-burgerov-kyrgyzstan,1,2026-07-01..2026-09-06,ru,301,/kotlety-dlya-burgerov,301 → 200,https://pepperoni.tatar/kotlety-dlya-burgerov,https://pepperoni.tatar/kotlety-dlya-burgerov,ru,no,burger,burger,match,,301 keep,no,
196,https://pepperoni.tatar/geo/kotlety-dlya-burgerov-kyzylorda,1,2026-07-01..2026-09-06,ru,301,/kotlety-dlya-burgerov,301 → 200,https://pepperoni.tatar/kotlety-dlya-burgerov,https://pepperoni.tatar/kotlety-dlya-burgerov,ru,no,burger,burger,match,,301 keep,no,
197,https://pepperoni.tatar/geo/kotlety-dlya-burgerov-makhachkala-c,1,2026-07-01..2026-09-06,ru,301,/kotlety-dlya-burgerov,301 → 200,https://pepperoni.tatar/kotlety-dlya-burgerov,https://pepperoni.tatar/kotlety-dlya-burgerov,ru,no,burger,burger,match,,301 keep,no,
198,https://pepperoni.tatar/geo/kotlety-dlya-burgerov-naberezhnie-chelny,1,2026-07-01..2026-09-06,ru,301,/kotlety-dlya-burgerov,301 → 200,https://pepperoni.tatar/kotlety-dlya-burgerov,https://pepperoni.tatar/kotlety-dlya-burgerov,ru,no,burger,burger,match,,301 keep,no,
199,https://pepperoni.tatar/geo/kotlety-dlya-burgerov-omsk,1,2026-07-01..2026-09-06,ru,301,/kotlety-dlya-burgerov,301 → 200,https://pepperoni.tatar/kotlety-dlya-burgerov,https://pepperoni.tatar/kotlety-dlya-burgerov,ru,no,burger,burger,match,,301 keep,no,
200,https://pepperoni.tatar/geo/kotlety-dlya-burgerov-penza,1,2026-07-01..2026-09-06,ru,301,/kotlety-dlya-burgerov,301 → 200,https://pepperoni.tatar/kotlety-dlya-burgerov,https://pepperoni.tatar/kotlety-dlya-burgerov,ru,no,burger,burger,match,,301 keep,no,
201,https://pepperoni.tatar/geo/kotlety-dlya-burgerov-saransk,1,2026-07-01..2026-09-06,ru,301,/kotlety-dlya-burgerov,301 → 200,https://pepperoni.tatar/kotlety-dlya-burgerov,https://pepperoni.tatar/kotlety-dlya-burgerov,ru,no,burger,burger,match,,301 keep,no,
202,https://pepperoni.tatar/geo/kotlety-dlya-burgerov-simferopol,1,2026-07-01..2026-09-06,ru,301,/kotlety-dlya-burgerov,301 → 200,https://pepperoni.tatar/kotlety-dlya-burgerov,https://pepperoni.tatar/kotlety-dlya-burgerov,ru,no,burger,burger,match,,301 keep,no,
203,https://pepperoni.tatar/geo/kotlety-dlya-burgerov-stavropol,1,2026-07-01..2026-09-06,ru,301,/kotlety-dlya-burgerov,301 → 200,https://pepperoni.tatar/kotlety-dlya-burgerov,https://pepperoni.tatar/kotlety-dlya-burgerov,ru,no,burger,burger,match,,301 keep,no,
204,https://pepperoni.tatar/geo/kotlety-dlya-burgerov-tyumen,1,2026-07-01..2026-09-06,ru,301,/kotlety-dlya-burgerov,301 → 200,https://pepperoni.tatar/kotlety-dlya-burgerov,https://pepperoni.tatar/kotlety-dlya-burgerov,ru,no,burger,burger,match,,301 keep,no,
205,https://pepperoni.tatar/geo/kotlety-dlya-burgerov-ulaanbaatar-c,1,2026-07-01..2026-09-06,ru,301,/kotlety-dlya-burgerov,301 → 200,https://pepperoni.tatar/kotlety-dlya-burgerov,https://pepperoni.tatar/kotlety-dlya-burgerov,ru,no,burger,burger,match,,301 keep,no,
206,https://pepperoni.tatar/geo/kotlety-dlya-burgerov-ulyanovsk-f,1,2026-07-01..2026-09-06,ru,301,/kotlety-dlya-burgerov,301 → 200,https://pepperoni.tatar/kotlety-dlya-burgerov,https://pepperoni.tatar/kotlety-dlya-burgerov,ru,no,burger,burger,match,,301 keep,no,
207,https://pepperoni.tatar/geo/kotlety-dlya-burgerov-vladimir,1,2026-07-01..2026-09-06,ru,301,/kotlety-dlya-burgerov,301 → 200,https://pepperoni.tatar/kotlety-dlya-burgerov,https://pepperoni.tatar/kotlety-dlya-burgerov,ru,no,burger,burger,match,,301 keep,no,
208,https://pepperoni.tatar/geo/kotlety-dlya-burgerov-voronezh,1,2026-07-01..2026-09-06,ru,301,/kotlety-dlya-burgerov,301 → 200,https://pepperoni.tatar/kotlety-dlya-burgerov,https://pepperoni.tatar/kotlety-dlya-burgerov,ru,no,burger,burger,match,,301 keep,no,
209,https://pepperoni.tatar/geo/kotlety-dlya-burgerov-yakutsk-f,1,2026-07-01..2026-09-06,ru,301,/kotlety-dlya-burgerov,301 → 200,https://pepperoni.tatar/kotlety-dlya-burgerov,https://pepperoni.tatar/kotlety-dlya-burgerov,ru,no,burger,burger,match,,301 keep,no,
210,https://pepperoni.tatar/geo/kotlety-dlya-burgerov-yerevan,1,2026-07-01..2026-09-06,ru,301,/kotlety-dlya-burgerov,301 → 200,https://pepperoni.tatar/kotlety-dlya-burgerov,https://pepperoni.tatar/kotlety-dlya-burgerov,ru,no,burger,burger,match,,301 keep,no,
211,https://pepperoni.tatar/geo/pelmeni-gomel,1,2026-07-01..2026-09-06,ru,410,,301 → 200,https://pepperoni.tatar/products,https://pepperoni.tatar/products,ru,no,not-sold,catalog,410 correct (not in catalog),,410 no matching hub (leftover),no,
212,https://pepperoni.tatar/geo/pelmeni-kaliningrad,1,2026-07-01..2026-09-06,ru,410,,301 → 200,https://pepperoni.tatar/products,https://pepperoni.tatar/products,ru,no,not-sold,catalog,410 correct (not in catalog),,410 no matching hub (leftover),no,
213,https://pepperoni.tatar/geo/pelmeni-nalchik,1,2026-07-01..2026-09-06,ru,410,,301 → 200,https://pepperoni.tatar/products,https://pepperoni.tatar/products,ru,no,not-sold,catalog,410 correct (not in catalog),,410 no matching hub (leftover),no,
214,https://pepperoni.tatar/geo/pelmeni-novorossiysk,1,2026-07-01..2026-09-06,ru,410,,301 → 200,https://pepperoni.tatar/products,https://pepperoni.tatar/products,ru,no,not-sold,catalog,410 correct (not in catalog),,410 no matching hub (leftover),no,
215,https://pepperoni.tatar/geo/pelmeni-novyy-urengoy-b,1,2026-07-01..2026-09-06,ru,410,,301 → 200,https://pepperoni.tatar/products,https://pepperoni.tatar/products,ru,no,not-sold,catalog,410 correct (not in catalog),,410 no matching hub (leftover),no,
216,https://pepperoni.tatar/geo/pelmeni-salekhard,1,2026-07-01..2026-09-06,ru,410,,301 → 200,https://pepperoni.tatar/products,https://pepperoni.tatar/products,ru,no,not-sold,catalog,410 correct (not in catalog),,410 no matching hub (leftover),no,
217,https://pepperoni.tatar/geo/pelmeni-simferopol,1,2026-07-01..2026-09-06,ru,410,,301 → 200,https://pepperoni.tatar/products,https://pepperoni.tatar/products,ru,no,not-sold,catalog,410 correct (not in catalog),,410 no matching hub (leftover),no,
218,https://pepperoni.tatar/geo/pelmeni-surgut,1,2026-07-01..2026-09-06,ru,410,,301 → 200,https://pepperoni.tatar/products,https://pepperoni.tatar/products,ru,no,not-sold,catalog,410 correct (not in catalog),,410 no matching hub (leftover),no,
219,https://pepperoni.tatar/geo/pelmeni-tula,1,2026-07-01..2026-09-06,ru,410,,301 → 200,https://pepperoni.tatar/products,https://pepperoni.tatar/products,ru,no,not-sold,catalog,410 correct (not in catalog),,410 no matching hub (leftover),no,
220,https://pepperoni.tatar/geo/pelmeni-vladikavkaz,1,2026-07-01..2026-09-06,ru,410,,301 → 200,https://pepperoni.tatar/products,https://pepperoni.tatar/products,ru,no,not-sold,catalog,410 correct (not in catalog),,410 no matching hub (leftover),no,
221,https://pepperoni.tatar/geo/pepperoni-aktobe,1,2026-07-01..2026-09-06,ru,301,/pepperoni,301 → 200,https://pepperoni.tatar/pepperoni,https://pepperoni.tatar/pepperoni,ru,no,pepperoni,pepperoni,match,,301 keep,no,
222,https://pepperoni.tatar/geo/pepperoni-astana,1,2026-07-01..2026-09-06,ru,301,/pepperoni,301 → 200,https://pepperoni.tatar/pepperoni,https://pepperoni.tatar/pepperoni,ru,no,pepperoni,pepperoni,match,,301 keep,no,
223,https://pepperoni.tatar/geo/pepperoni-blagoveshchensk,1,2026-07-01..2026-09-06,ru,301,/pepperoni,301 → 200,https://pepperoni.tatar/pepperoni,https://pepperoni.tatar/pepperoni,ru,no,pepperoni,pepperoni,match,,301 keep,no,
224,https://pepperoni.tatar/geo/pepperoni-ekaterinburg,1,2026-07-01..2026-09-06,ru,301,/pepperoni,301 → 200,https://pepperoni.tatar/pepperoni,https://pepperoni.tatar/pepperoni,ru,no,pepperoni,pepperoni,match,,301 keep,no,
225,https://pepperoni.tatar/geo/pepperoni-gelendzhik,1,2026-07-01..2026-09-06,ru,301,/pepperoni,301 → 200,https://pepperoni.tatar/pepperoni,https://pepperoni.tatar/pepperoni,ru,no,pepperoni,pepperoni,match,,301 keep,no,
226,https://pepperoni.tatar/geo/pepperoni-izhevsk,1,2026-07-01..2026-09-06,ru,301,/pepperoni,301 → 200,https://pepperoni.tatar/pepperoni,https://pepperoni.tatar/pepperoni,ru,no,pepperoni,pepperoni,match,,301 keep,no,
227,https://pepperoni.tatar/geo/pepperoni-kostanay,1,2026-07-01..2026-09-06,ru,301,/pepperoni,301 → 200,https://pepperoni.tatar/pepperoni,https://pepperoni.tatar/pepperoni,ru,no,pepperoni,pepperoni,match,,301 keep,no,
228,https://pepperoni.tatar/geo/pepperoni-kurica-ufa,1,2026-07-01..2026-09-06,ru,301,/pepperoni,301 → 200,https://pepperoni.tatar/pepperoni,https://pepperoni.tatar/pepperoni,ru,no,pepperoni,pepperoni,match,,301 keep,no,
229,https://pepperoni.tatar/geo/pepperoni-naberezhnie-chelny,1,2026-07-01..2026-09-06,ru,301,/pepperoni,301 → 200,https://pepperoni.tatar/pepperoni,https://pepperoni.tatar/pepperoni,ru,no,pepperoni,pepperoni,match,,301 keep,no,
230,https://pepperoni.tatar/geo/pepperoni-nizhnevartovsk,1,2026-07-01..2026-09-06,ru,301,/pepperoni,301 → 200,https://pepperoni.tatar/pepperoni,https://pepperoni.tatar/pepperoni,ru,no,pepperoni,pepperoni,match,,301 keep,no,
231,https://pepperoni.tatar/geo/pepperoni-pyatigorsk,1,2026-07-01..2026-09-06,ru,301,/pepperoni,301 → 200,https://pepperoni.tatar/pepperoni,https://pepperoni.tatar/pepperoni,ru,no,pepperoni,pepperoni,match,,301 keep,no,
232,https://pepperoni.tatar/geo/pepperoni-saransk,1,2026-07-01..2026-09-06,ru,301,/pepperoni,301 → 200,https://pepperoni.tatar/pepperoni,https://pepperoni.tatar/pepperoni,ru,no,pepperoni,pepperoni,match,,301 keep,no,
233,https://pepperoni.tatar/geo/pepperoni-saratov,1,2026-07-01..2026-09-06,ru,301,/pepperoni,301 → 200,https://pepperoni.tatar/pepperoni,https://pepperoni.tatar/pepperoni,ru,no,pepperoni,pepperoni,match,,301 keep,no,
234,https://pepperoni.tatar/geo/pepperoni-sochi,1,2026-07-01..2026-09-06,ru,301,/pepperoni,301 → 200,https://pepperoni.tatar/pepperoni,https://pepperoni.tatar/pepperoni,ru,no,pepperoni,pepperoni,match,,301 keep,no,
235,https://pepperoni.tatar/geo/pepperoni-spb,1,2026-07-01..2026-09-06,ru,301,/pepperoni,301 → 200,https://pepperoni.tatar/pepperoni,https://pepperoni.tatar/pepperoni,ru,no,pepperoni,pepperoni,match,,301 keep,no,
236,https://pepperoni.tatar/geo/pepperoni-surgut,1,2026-07-01..2026-09-06,ru,301,/pepperoni,301 → 200,https://pepperoni.tatar/pepperoni,https://pepperoni.tatar/pepperoni,ru,no,pepperoni,pepperoni,match,,301 keep,no,
237,https://pepperoni.tatar/geo/pepperoni-surgut-d,1,2026-07-01..2026-09-06,ru,301,/pepperoni,301 → 200,https://pepperoni.tatar/pepperoni,https://pepperoni.tatar/pepperoni,ru,no,pepperoni,pepperoni,match,,301 keep,no,
238,https://pepperoni.tatar/geo/pepperoni-tallinn,1,2026-07-01..2026-09-06,ru,301,/pepperoni,301 → 200,https://pepperoni.tatar/pepperoni,https://pepperoni.tatar/pepperoni,ru,no,pepperoni,pepperoni,match,,301 keep,no,
239,https://pepperoni.tatar/geo/pepperoni-tbilisi,1,2026-07-01..2026-09-06,ru,301,/pepperoni,301 → 200,https://pepperoni.tatar/pepperoni,https://pepperoni.tatar/pepperoni,ru,no,pepperoni,pepperoni,match,,301 keep,no,
240,https://pepperoni.tatar/geo/pepperoni-uralsk,1,2026-07-01..2026-09-06,ru,301,/pepperoni,301 → 200,https://pepperoni.tatar/pepperoni,https://pepperoni.tatar/pepperoni,ru,no,pepperoni,pepperoni,match,,301 keep,no,
241,https://pepperoni.tatar/geo/pepperoni-yerevan,1,2026-07-01..2026-09-06,ru,301,/pepperoni,301 → 200,https://pepperoni.tatar/pepperoni,https://pepperoni.tatar/pepperoni,ru,no,pepperoni,pepperoni,match,,301 keep,no,
242,https://pepperoni.tatar/geo/private-label-stm-biysk,1,2026-07-01..2026-09-06,ru,301,/kontraktnoe-proizvodstvo,301 → 200,https://pepperoni.tatar/kontraktnoe-proizvodstvo,https://pepperoni.tatar/kontraktnoe-proizvodstvo,ru,no,private-label,private-label,match,,301 keep,no,
243,https://pepperoni.tatar/geo/private-label-stm-brest,1,2026-07-01..2026-09-06,ru,301,/kontraktnoe-proizvodstvo,301 → 200,https://pepperoni.tatar/kontraktnoe-proizvodstvo,https://pepperoni.tatar/kontraktnoe-proizvodstvo,ru,no,private-label,private-label,match,,301 keep,no,
244,https://pepperoni.tatar/geo/private-label-stm-ganja-d,1,2026-07-01..2026-09-06,ru,301,/kontraktnoe-proizvodstvo,301 → 200,https://pepperoni.tatar/kontraktnoe-proizvodstvo,https://pepperoni.tatar/kontraktnoe-proizvodstvo,ru,no,private-label,private-label,match,,301 keep,no,
245,https://pepperoni.tatar/geo/private-label-stm-gelendzhik,1,2026-07-01..2026-09-06,ru,301,/kontraktnoe-proizvodstvo,301 → 200,https://pepperoni.tatar/kontraktnoe-proizvodstvo,https://pepperoni.tatar/kontraktnoe-proizvodstvo,ru,no,private-label,private-label,match,,301 keep,no,
246,https://pepperoni.tatar/geo/private-label-stm-gomel,1,2026-07-01..2026-09-06,ru,301,/kontraktnoe-proizvodstvo,301 → 200,https://pepperoni.tatar/kontraktnoe-proizvodstvo,https://pepperoni.tatar/kontraktnoe-proizvodstvo,ru,no,private-label,private-label,match,,301 keep,no,
247,https://pepperoni.tatar/geo/private-label-stm-gyumri-c,1,2026-07-01..2026-09-06,ru,301,/kontraktnoe-proizvodstvo,301 → 200,https://pepperoni.tatar/kontraktnoe-proizvodstvo,https://pepperoni.tatar/kontraktnoe-proizvodstvo,ru,no,private-label,private-label,match,,301 keep,no,
248,https://pepperoni.tatar/geo/private-label-stm-ivanovo,1,2026-07-01..2026-09-06,ru,301,/kontraktnoe-proizvodstvo,301 → 200,https://pepperoni.tatar/kontraktnoe-proizvodstvo,https://pepperoni.tatar/kontraktnoe-proizvodstvo,ru,no,private-label,private-label,match,,301 keep,no,
249,https://pepperoni.tatar/geo/private-label-stm-khujand,1,2026-07-01..2026-09-06,ru,301,/kontraktnoe-proizvodstvo,301 → 200,https://pepperoni.tatar/kontraktnoe-proizvodstvo,https://pepperoni.tatar/kontraktnoe-proizvodstvo,ru,no,private-label,private-label,match,,301 keep,no,
250,https://pepperoni.tatar/geo/private-label-stm-mogilev,1,2026-07-01..2026-09-06,ru,301,/kontraktnoe-proizvodstvo,301 → 200,https://pepperoni.tatar/kontraktnoe-proizvodstvo,https://pepperoni.tatar/kontraktnoe-proizvodstvo,ru,no,private-label,private-label,match,,301 keep,no,
251,https://pepperoni.tatar/geo/private-label-stm-nizhnekamsk-f,1,2026-07-01..2026-09-06,ru,301,/kontraktnoe-proizvodstvo,301 → 200,https://pepperoni.tatar/kontraktnoe-proizvodstvo,https://pepperoni.tatar/kontraktnoe-proizvodstvo,ru,no,private-label,private-label,match,,301 keep,no,
252,https://pepperoni.tatar/geo/private-label-stm-pereslavl-zalessky,1,2026-07-01..2026-09-06,ru,301,/kontraktnoe-proizvodstvo,301 → 200,https://pepperoni.tatar/kontraktnoe-proizvodstvo,https://pepperoni.tatar/kontraktnoe-proizvodstvo,ru,no,private-label,private-label,match,,301 keep,no,
253,https://pepperoni.tatar/geo/private-label-stm-samara,1,2026-07-01..2026-09-06,ru,301,/kontraktnoe-proizvodstvo,301 → 200,https://pepperoni.tatar/kontraktnoe-proizvodstvo,https://pepperoni.tatar/kontraktnoe-proizvodstvo,ru,no,private-label,private-label,match,,301 keep,no,
254,https://pepperoni.tatar/geo/private-label-stm-severodvinsk,1,2026-07-01..2026-09-06,ru,301,/kontraktnoe-proizvodstvo,301 → 200,https://pepperoni.tatar/kontraktnoe-proizvodstvo,https://pepperoni.tatar/kontraktnoe-proizvodstvo,ru,no,private-label,private-label,match,,301 keep,no,
255,https://pepperoni.tatar/geo/private-label-stm-syktyvkar,1,2026-07-01..2026-09-06,ru,301,/kontraktnoe-proizvodstvo,301 → 200,https://pepperoni.tatar/kontraktnoe-proizvodstvo,https://pepperoni.tatar/kontraktnoe-proizvodstvo,ru,no,private-label,private-label,match,,301 keep,no,
256,https://pepperoni.tatar/geo/private-label-stm-tyumen,1,2026-07-01..2026-09-06,ru,301,/kontraktnoe-proizvodstvo,301 → 200,https://pepperoni.tatar/kontraktnoe-proizvodstvo,https://pepperoni.tatar/kontraktnoe-proizvodstvo,ru,no,private-label,private-label,match,,301 keep,no,
257,https://pepperoni.tatar/geo/private-label-stm-ust-kamenogorsk,1,2026-07-01..2026-09-06,ru,301,/kontraktnoe-proizvodstvo,301 → 200,https://pepperoni.tatar/kontraktnoe-proizvodstvo,https://pepperoni.tatar/kontraktnoe-proizvodstvo,ru,no,private-label,private-label,match,,301 keep,no,
258,https://pepperoni.tatar/geo/private-label-stm-vilnius,1,2026-07-01..2026-09-06,ru,301,/kontraktnoe-proizvodstvo,301 → 200,https://pepperoni.tatar/kontraktnoe-proizvodstvo,https://pepperoni.tatar/kontraktnoe-proizvodstvo,ru,no,private-label,private-label,match,,301 keep,no,
259,https://pepperoni.tatar/geo/sosiki-dlya-hotdog-kutaisi-d,1,2026-07-01..2026-09-06,ru,301,/sosiski-dlya-hotdog,301 → 200,https://pepperoni.tatar/sosiski-dlya-hotdog,https://pepperoni.tatar/sosiski-dlya-hotdog,ru,no,sausages,sausages,match,,301 keep,no,
260,https://pepperoni.tatar/geo/sosiki-dlya-hotdog-kyrgyzstan,1,2026-07-01..2026-09-06,ru,301,/sosiski-dlya-hotdog,301 → 200,https://pepperoni.tatar/sosiski-dlya-hotdog,https://pepperoni.tatar/sosiski-dlya-hotdog,ru,no,sausages,sausages,match,,301 keep,no,
261,https://pepperoni.tatar/geo/sosiki-dlya-hotdog-oktyabrsky,1,2026-07-01..2026-09-06,ru,301,/sosiski-dlya-hotdog,301 → 200,https://pepperoni.tatar/sosiski-dlya-hotdog,https://pepperoni.tatar/sosiski-dlya-hotdog,ru,no,sausages,sausages,match,,301 keep,no,
262,https://pepperoni.tatar/geo/sosiki-dlya-hotdog-pavlodar,1,2026-07-01..2026-09-06,ru,301,/sosiski-dlya-hotdog,301 → 200,https://pepperoni.tatar/sosiski-dlya-hotdog,https://pepperoni.tatar/sosiski-dlya-hotdog,ru,no,sausages,sausages,match,,301 keep,no,
263,https://pepperoni.tatar/geo/sosiki-dlya-hotdog-spb,1,2026-07-01..2026-09-06,ru,301,/sosiski-dlya-hotdog,301 → 200,https://pepperoni.tatar/sosiski-dlya-hotdog,https://pepperoni.tatar/sosiski-dlya-hotdog,ru,no,sausages,sausages,match,,301 keep,no,
264,https://pepperoni.tatar/geo/sosiki-dlya-hotdog-surgut,1,2026-07-01..2026-09-06,ru,301,/sosiski-dlya-hotdog,301 → 200,https://pepperoni.tatar/sosiski-dlya-hotdog,https://pepperoni.tatar/sosiski-dlya-hotdog,ru,no,sausages,sausages,match,,301 keep,no,
265,https://pepperoni.tatar/geo/sosiki-dlya-hotdog-tula,1,2026-07-01..2026-09-06,ru,301,/sosiski-dlya-hotdog,301 → 200,https://pepperoni.tatar/sosiski-dlya-hotdog,https://pepperoni.tatar/sosiski-dlya-hotdog,ru,no,sausages,sausages,match,,301 keep,no,
266,https://pepperoni.tatar/geo/sosiki-dlya-hotdog-ufa,1,2026-07-01..2026-09-06,ru,301,/sosiski-dlya-hotdog,301 → 200,https://pepperoni.tatar/sosiski-dlya-hotdog,https://pepperoni.tatar/sosiski-dlya-hotdog,ru,no,sausages,sausages,match,,301 keep,no,
267,https://pepperoni.tatar/geo/sosiki-dlya-hotdog-ulan-ude,1,2026-07-01..2026-09-06,ru,301,/sosiski-dlya-hotdog,301 → 200,https://pepperoni.tatar/sosiski-dlya-hotdog,https://pepperoni.tatar/sosiski-dlya-hotdog,ru,no,sausages,sausages,match,,301 keep,no,
268,https://pepperoni.tatar/geo/sosiki-v-teste-aktobe,1,2026-07-01..2026-09-06,ru,301,/vyipechka-halyal,301 → 200,https://pepperoni.tatar/products,https://pepperoni.tatar/products,ru,no,bakery,catalog,mismatch,family mismatch,301 review,no,
269,https://pepperoni.tatar/geo/sosiki-v-teste-chita,1,2026-07-01..2026-09-06,ru,301,/vyipechka-halyal,301 → 200,https://pepperoni.tatar/products,https://pepperoni.tatar/products,ru,no,bakery,catalog,mismatch,family mismatch,301 review,no,
270,https://pepperoni.tatar/geo/sosiki-v-teste-salavat-c,1,2026-07-01..2026-09-06,ru,301,/vyipechka-halyal,301 → 200,https://pepperoni.tatar/products,https://pepperoni.tatar/products,ru,no,bakery,catalog,mismatch,family mismatch,301 review,no,
271,https://pepperoni.tatar/geo/sosiki-v-teste-vladivostok,1,2026-07-01..2026-09-06,ru,301,/vyipechka-halyal,301 → 200,https://pepperoni.tatar/products,https://pepperoni.tatar/products,ru,no,bakery,catalog,mismatch,family mismatch,301 review,no,
272,https://pepperoni.tatar/geo/sosiski-dlya-hotdog-anapa,1,2026-07-01..2026-09-06,ru,301,/sosiski-dlya-hotdog,301 → 200,https://pepperoni.tatar/sosiski-dlya-hotdog,https://pepperoni.tatar/sosiski-dlya-hotdog,ru,no,sausages,sausages,match,,301 keep,no,
273,https://pepperoni.tatar/geo/sosiski-dlya-hotdog-baku,1,2026-07-01..2026-09-06,ru,301,/sosiski-dlya-hotdog,301 → 200,https://pepperoni.tatar/sosiski-dlya-hotdog,https://pepperoni.tatar/sosiski-dlya-hotdog,ru,no,sausages,sausages,match,,301 keep,no,
274,https://pepperoni.tatar/geo/sosiski-dlya-hotdog-belarus,1,2026-07-01..2026-09-06,ru,301,/sosiski-dlya-hotdog,301 → 200,https://pepperoni.tatar/sosiski-dlya-hotdog,https://pepperoni.tatar/sosiski-dlya-hotdog,ru,no,sausages,sausages,match,,301 keep,no,
275,https://pepperoni.tatar/geo/sosiski-dlya-hotdog-bishkek,1,2026-07-01..2026-09-06,ru,301,/sosiski-dlya-hotdog,301 → 200,https://pepperoni.tatar/sosiski-dlya-hotdog,https://pepperoni.tatar/sosiski-dlya-hotdog,ru,no,sausages,sausages,match,,301 keep,no,
276,https://pepperoni.tatar/geo/sosiski-dlya-hotdog-cheboksary,1,2026-07-01..2026-09-06,ru,301,/sosiski-dlya-hotdog,301 → 200,https://pepperoni.tatar/sosiski-dlya-hotdog,https://pepperoni.tatar/sosiski-dlya-hotdog,ru,no,sausages,sausages,match,,301 keep,no,
277,https://pepperoni.tatar/geo/sosiski-dlya-hotdog-chelyabinsk,1,2026-07-01..2026-09-06,ru,301,/sosiski-dlya-hotdog,301 → 200,https://pepperoni.tatar/sosiski-dlya-hotdog,https://pepperoni.tatar/sosiski-dlya-hotdog,ru,no,sausages,sausages,match,,301 keep,no,
278,https://pepperoni.tatar/geo/sosiski-dlya-hotdog-korolev,1,2026-07-01..2026-09-06,ru,301,/sosiski-dlya-hotdog,301 → 200,https://pepperoni.tatar/sosiski-dlya-hotdog,https://pepperoni.tatar/sosiski-dlya-hotdog,ru,no,sausages,sausages,match,,301 keep,no,
279,https://pepperoni.tatar/geo/sosiski-dlya-hotdog-minsk,1,2026-07-01..2026-09-06,ru,301,/sosiski-dlya-hotdog,301 → 200,https://pepperoni.tatar/sosiski-dlya-hotdog,https://pepperoni.tatar/sosiski-dlya-hotdog,ru,no,sausages,sausages,match,,301 keep,no,
280,https://pepperoni.tatar/geo/sosiski-dlya-hotdog-nizhnekamsk,1,2026-07-01..2026-09-06,ru,301,/sosiski-dlya-hotdog,301 → 200,https://pepperoni.tatar/sosiski-dlya-hotdog,https://pepperoni.tatar/sosiski-dlya-hotdog,ru,no,sausages,sausages,match,,301 keep,no,
281,https://pepperoni.tatar/geo/sosiski-dlya-hotdog-penza,1,2026-07-01..2026-09-06,ru,301,/sosiski-dlya-hotdog,301 → 200,https://pepperoni.tatar/sosiski-dlya-hotdog,https://pepperoni.tatar/sosiski-dlya-hotdog,ru,no,sausages,sausages,match,,301 keep,no,
282,https://pepperoni.tatar/geo/sosiski-dlya-hotdog-riga,1,2026-07-01..2026-09-06,ru,301,/sosiski-dlya-hotdog,301 → 200,https://pepperoni.tatar/sosiski-dlya-hotdog,https://pepperoni.tatar/sosiski-dlya-hotdog,ru,no,sausages,sausages,match,,301 keep,no,
283,https://pepperoni.tatar/geo/sosiski-dlya-hotdog-spb,1,2026-07-01..2026-09-06,ru,301,/sosiski-dlya-hotdog,301 → 200,https://pepperoni.tatar/sosiski-dlya-hotdog,https://pepperoni.tatar/sosiski-dlya-hotdog,ru,no,sausages,sausages,match,,301 keep,no,
284,https://pepperoni.tatar/geo/sosiski-dlya-hotdog-sterlitamak,1,2026-07-01..2026-09-06,ru,301,/sosiski-dlya-hotdog,301 → 200,https://pepperoni.tatar/sosiski-dlya-hotdog,https://pepperoni.tatar/sosiski-dlya-hotdog,ru,no,sausages,sausages,match,,301 keep,no,
285,https://pepperoni.tatar/geo/sosiski-dlya-hotdog-surgut,1,2026-07-01..2026-09-06,ru,301,/sosiski-dlya-hotdog,301 → 200,https://pepperoni.tatar/sosiski-dlya-hotdog,https://pepperoni.tatar/sosiski-dlya-hotdog,ru,no,sausages,sausages,match,,301 keep,no,
286,https://pepperoni.tatar/geo/sosiski-dlya-hotdog-uzbekistan,1,2026-07-01..2026-09-06,ru,301,/sosiski-dlya-hotdog,301 → 200,https://pepperoni.tatar/sosiski-dlya-hotdog,https://pepperoni.tatar/sosiski-dlya-hotdog,ru,no,sausages,sausages,match,,301 keep,no,
287,https://pepperoni.tatar/geo/sosiski-dlya-hotdog-yuzhno-sakhalinsk,1,2026-07-01..2026-09-06,ru,301,/sosiski-dlya-hotdog,301 → 200,https://pepperoni.tatar/sosiski-dlya-hotdog,https://pepperoni.tatar/sosiski-dlya-hotdog,ru,no,sausages,sausages,match,,301 keep,no,
288,https://pepperoni.tatar/geo/sosiski-v-teste-ashgabat,1,2026-07-01..2026-09-06,ru,301,/sosiski-dlya-hotdog,301 → 200,https://pepperoni.tatar/sosiski-dlya-hotdog,https://pepperoni.tatar/sosiski-dlya-hotdog,ru,no,sausages,sausages,match,,301 keep,no,
289,https://pepperoni.tatar/geo/sosiski-v-teste-nakhodka,1,2026-07-01..2026-09-06,ru,301,/sosiski-dlya-hotdog,301 → 200,https://pepperoni.tatar/sosiski-dlya-hotdog,https://pepperoni.tatar/sosiski-dlya-hotdog,ru,no,sausages,sausages,match,,301 keep,no,
290,https://pepperoni.tatar/geo/sosiski-v-teste-nizhnekamsk,1,2026-07-01..2026-09-06,ru,301,/sosiski-dlya-hotdog,301 → 200,https://pepperoni.tatar/sosiski-dlya-hotdog,https://pepperoni.tatar/sosiski-dlya-hotdog,ru,no,sausages,sausages,match,,301 keep,no,
291,https://pepperoni.tatar/geo/sosiski-v-teste-spb,1,2026-07-01..2026-09-06,ru,301,/sosiski-dlya-hotdog,301 → 200,https://pepperoni.tatar/sosiski-dlya-hotdog,https://pepperoni.tatar/sosiski-dlya-hotdog,ru,no,sausages,sausages,match,,301 keep,no,
292,https://pepperoni.tatar/geo/sosiski-v-teste-vilnius,1,2026-07-01..2026-09-06,ru,301,/sosiski-dlya-hotdog,301 → 200,https://pepperoni.tatar/sosiski-dlya-hotdog,https://pepperoni.tatar/sosiski-dlya-hotdog,ru,no,sausages,sausages,match,,301 keep,no,
293,https://pepperoni.tatar/geo/syroje-myaso-anapa,1,2026-07-01..2026-09-06,ru,410,,301 → 200,https://pepperoni.tatar/products,https://pepperoni.tatar/products,ru,no,not-sold,catalog,410 correct (not in catalog),,410 no matching hub (leftover),no,
294,https://pepperoni.tatar/geo/syroje-myaso-dushanbe,1,2026-07-01..2026-09-06,ru,410,,301 → 200,https://pepperoni.tatar/products,https://pepperoni.tatar/products,ru,no,not-sold,catalog,410 correct (not in catalog),,410 no matching hub (leftover),no,
295,https://pepperoni.tatar/geo/syroje-myaso-elabuga,1,2026-07-01..2026-09-06,ru,410,,301 → 200,https://pepperoni.tatar/products,https://pepperoni.tatar/products,ru,no,not-sold,catalog,410 correct (not in catalog),,410 no matching hub (leftover),no,
296,https://pepperoni.tatar/geo/syroje-myaso-fergana,1,2026-07-01..2026-09-06,ru,410,,301 → 200,https://pepperoni.tatar/products,https://pepperoni.tatar/products,ru,no,not-sold,catalog,410 correct (not in catalog),,410 no matching hub (leftover),no,
297,https://pepperoni.tatar/geo/syroje-myaso-gomel,1,2026-07-01..2026-09-06,ru,410,,301 → 200,https://pepperoni.tatar/products,https://pepperoni.tatar/products,ru,no,not-sold,catalog,410 correct (not in catalog),,410 no matching hub (leftover),no,
298,https://pepperoni.tatar/geo/syroje-myaso-jalal-abad,1,2026-07-01..2026-09-06,ru,410,,301 → 200,https://pepperoni.tatar/products,https://pepperoni.tatar/products,ru,no,not-sold,catalog,410 correct (not in catalog),,410 no matching hub (leftover),no,
299,https://pepperoni.tatar/geo/syroje-myaso-kyzyl-c,1,2026-07-01..2026-09-06,ru,410,,301 → 200,https://pepperoni.tatar/products,https://pepperoni.tatar/products,ru,no,not-sold,catalog,410 correct (not in catalog),,410 no matching hub (leftover),no,
300,https://pepperoni.tatar/geo/syroje-myaso-nalchik,1,2026-07-01..2026-09-06,ru,410,,301 → 200,https://pepperoni.tatar/products,https://pepperoni.tatar/products,ru,no,not-sold,catalog,410 correct (not in catalog),,410 no matching hub (leftover),no,
301,https://pepperoni.tatar/geo/syroje-myaso-nazarovo,1,2026-07-01..2026-09-06,ru,410,,301 → 200,https://pepperoni.tatar/products,https://pepperoni.tatar/products,ru,no,not-sold,catalog,410 correct (not in catalog),,410 no matching hub (leftover),no,
302,https://pepperoni.tatar/geo/syroje-myaso-nizhnevartovsk,1,2026-07-01..2026-09-06,ru,410,,301 → 200,https://pepperoni.tatar/products,https://pepperoni.tatar/products,ru,no,not-sold,catalog,410 correct (not in catalog),,410 no matching hub (leftover),no,
303,https://pepperoni.tatar/geo/syroje-myaso-nizhniy-novgorod,1,2026-07-01..2026-09-06,ru,410,,301 → 200,https://pepperoni.tatar/products,https://pepperoni.tatar/products,ru,no,not-sold,catalog,410 correct (not in catalog),,410 no matching hub (leftover),no,
304,https://pepperoni.tatar/geo/syroje-myaso-novosibirsk,1,2026-07-01..2026-09-06,ru,410,,301 → 200,https://pepperoni.tatar/products,https://pepperoni.tatar/products,ru,no,not-sold,catalog,410 correct (not in catalog),,410 no matching hub (leftover),no,
305,https://pepperoni.tatar/geo/syroje-myaso-salekhard,1,2026-07-01..2026-09-06,ru,410,,301 → 200,https://pepperoni.tatar/products,https://pepperoni.tatar/products,ru,no,not-sold,catalog,410 correct (not in catalog),,410 no matching hub (leftover),no,
306,https://pepperoni.tatar/geo/syroje-myaso-saransk,1,2026-07-01..2026-09-06,ru,410,,301 → 200,https://pepperoni.tatar/products,https://pepperoni.tatar/products,ru,no,not-sold,catalog,410 correct (not in catalog),,410 no matching hub (leftover),no,
307,https://pepperoni.tatar/geo/syroje-myaso-saratov,1,2026-07-01..2026-09-06,ru,410,,301 → 200,https://pepperoni.tatar/products,https://pepperoni.tatar/products,ru,no,not-sold,catalog,410 correct (not in catalog),,410 no matching hub (leftover),no,
308,https://pepperoni.tatar/geo/syroje-myaso-sochi,1,2026-07-01..2026-09-06,ru,410,,301 → 200,https://pepperoni.tatar/products,https://pepperoni.tatar/products,ru,no,not-sold,catalog,410 correct (not in catalog),,410 no matching hub (leftover),no,
309,https://pepperoni.tatar/geo/syroje-myaso-tambov,1,2026-07-01..2026-09-06,ru,410,,301 → 200,https://pepperoni.tatar/products,https://pepperoni.tatar/products,ru,no,not-sold,catalog,410 correct (not in catalog),,410 no matching hub (leftover),no,
310,https://pepperoni.tatar/geo/syroje-myaso-tula,1,2026-07-01..2026-09-06,ru,410,,301 → 200,https://pepperoni.tatar/products,https://pepperoni.tatar/products,ru,no,not-sold,catalog,410 correct (not in catalog),,410 no matching hub (leftover),no,
311,https://pepperoni.tatar/geo/syroje-myaso-ussuriysk,1,2026-07-01..2026-09-06,ru,410,,301 → 200,https://pepperoni.tatar/products,https://pepperoni.tatar/products,ru,no,not-sold,catalog,410 correct (not in catalog),,410 no matching hub (leftover),no,
312,https://pepperoni.tatar/geo/syroje-myaso-zlatoust,1,2026-07-01..2026-09-06,ru,410,,301 → 200,https://pepperoni.tatar/products,https://pepperoni.tatar/products,ru,no,not-sold,catalog,410 correct (not in catalog),,410 no matching hub (leftover),no,
313,https://pepperoni.tatar/geo/topping-dlya-pitstsy-abakan,1,2026-07-01..2026-09-06,ru,301,/pepperoni,301 → 200,https://pepperoni.tatar/pepperoni,https://pepperoni.tatar/pepperoni,ru,no,pepperoni,pepperoni,match,,301 keep,no,
314,https://pepperoni.tatar/geo/topping-dlya-pitstsy-kirov,1,2026-07-01..2026-09-06,ru,301,/pepperoni,301 → 200,https://pepperoni.tatar/pepperoni,https://pepperoni.tatar/pepperoni,ru,no,pepperoni,pepperoni,match,,301 keep,no,
315,https://pepperoni.tatar/geo/topping-dlya-pitstsy-kovrov,1,2026-07-01..2026-09-06,ru,301,/pepperoni,301 → 200,https://pepperoni.tatar/pepperoni,https://pepperoni.tatar/pepperoni,ru,no,pepperoni,pepperoni,match,,301 keep,no,
316,https://pepperoni.tatar/geo/vetchina-astrakhan,1,2026-07-01..2026-09-06,ru,301,/vetchina-optom,301 → 200,https://pepperoni.tatar/vetchina-optom,https://pepperoni.tatar/vetchina-optom,ru,no,ham,ham,match,,301 keep,no,
317,https://pepperoni.tatar/geo/vetchina-grodno,1,2026-07-01..2026-09-06,ru,301,/vetchina-optom,301 → 200,https://pepperoni.tatar/vetchina-optom,https://pepperoni.tatar/vetchina-optom,ru,no,ham,ham,match,,301 keep,no,
318,https://pepperoni.tatar/geo/vetchina-kyzylorda,1,2026-07-01..2026-09-06,ru,301,/vetchina-optom,301 → 200,https://pepperoni.tatar/vetchina-optom,https://pepperoni.tatar/vetchina-optom,ru,no,ham,ham,match,,301 keep,no,
319,https://pepperoni.tatar/geo/vetchina-magnitogorsk-c,1,2026-07-01..2026-09-06,ru,301,/vetchina-optom,301 → 200,https://pepperoni.tatar/vetchina-optom,https://pepperoni.tatar/vetchina-optom,ru,no,ham,ham,match,,301 keep,no,
320,https://pepperoni.tatar/geo/vetchina-nalchik-b,1,2026-07-01..2026-09-06,ru,301,/vetchina-optom,301 → 200,https://pepperoni.tatar/vetchina-optom,https://pepperoni.tatar/vetchina-optom,ru,no,ham,ham,match,,301 keep,no,
321,https://pepperoni.tatar/geo/vetchina-omsk,1,2026-07-01..2026-09-06,ru,301,/vetchina-optom,301 → 200,https://pepperoni.tatar/vetchina-optom,https://pepperoni.tatar/vetchina-optom,ru,no,ham,ham,match,,301 keep,no,
322,https://pepperoni.tatar/geo/vetchina-perm-b,1,2026-07-01..2026-09-06,ru,301,/vetchina-optom,301 → 200,https://pepperoni.tatar/vetchina-optom,https://pepperoni.tatar/vetchina-optom,ru,no,ham,ham,match,,301 keep,no,
323,https://pepperoni.tatar/geo/vypechka-klassicheskaya-chelyabinsk,1,2026-07-01..2026-09-06,ru,301,/vyipechka-halyal,301 → 200,https://pepperoni.tatar/vyipechka-halyal,https://pepperoni.tatar/vyipechka-halyal,ru,no,bakery,bakery,match,,301 keep,no,
324,https://pepperoni.tatar/geo/vypechka-klassicheskaya-dushanbe,1,2026-07-01..2026-09-06,ru,301,/vyipechka-halyal,301 → 200,https://pepperoni.tatar/vyipechka-halyal,https://pepperoni.tatar/vyipechka-halyal,ru,no,bakery,bakery,match,,301 keep,no,
325,https://pepperoni.tatar/geo/vypechka-klassicheskaya-ekaterinburg,1,2026-07-01..2026-09-06,ru,301,/vyipechka-halyal,301 → 200,https://pepperoni.tatar/vyipechka-halyal,https://pepperoni.tatar/vyipechka-halyal,ru,no,bakery,bakery,match,,301 keep,no,
326,https://pepperoni.tatar/geo/vypechka-klassicheskaya-kaliningrad,1,2026-07-01..2026-09-06,ru,301,/vyipechka-halyal,301 → 200,https://pepperoni.tatar/vyipechka-halyal,https://pepperoni.tatar/vyipechka-halyal,ru,no,bakery,bakery,match,,301 keep,no,
327,https://pepperoni.tatar/geo/vypechka-klassicheskaya-khujand,1,2026-07-01..2026-09-06,ru,301,/vyipechka-halyal,301 → 200,https://pepperoni.tatar/vyipechka-halyal,https://pepperoni.tatar/vyipechka-halyal,ru,no,bakery,bakery,match,,301 keep,no,
328,https://pepperoni.tatar/geo/vypechka-klassicheskaya-mytishchi,1,2026-07-01..2026-09-06,ru,301,/vyipechka-halyal,301 → 200,https://pepperoni.tatar/vyipechka-halyal,https://pepperoni.tatar/vyipechka-halyal,ru,no,bakery,bakery,match,,301 keep,no,
329,https://pepperoni.tatar/geo/vypechka-klassicheskaya-naberezhnie-chelny,1,2026-07-01..2026-09-06,ru,301,/vyipechka-halyal,301 → 200,https://pepperoni.tatar/vyipechka-halyal,https://pepperoni.tatar/vyipechka-halyal,ru,no,bakery,bakery,match,,301 keep,no,
330,https://pepperoni.tatar/geo/vypechka-klassicheskaya-noginsk,1,2026-07-01..2026-09-06,ru,301,/vyipechka-halyal,301 → 200,https://pepperoni.tatar/vyipechka-halyal,https://pepperoni.tatar/vyipechka-halyal,ru,no,bakery,bakery,match,,301 keep,no,
331,https://pepperoni.tatar/geo/vypechka-klassicheskaya-novosibirsk,1,2026-07-01..2026-09-06,ru,301,/vyipechka-halyal,301 → 200,https://pepperoni.tatar/vyipechka-halyal,https://pepperoni.tatar/vyipechka-halyal,ru,no,bakery,bakery,match,,301 keep,no,
332,https://pepperoni.tatar/geo/vypechka-klassicheskaya-simferopol,1,2026-07-01..2026-09-06,ru,301,/vyipechka-halyal,301 → 200,https://pepperoni.tatar/vyipechka-halyal,https://pepperoni.tatar/vyipechka-halyal,ru,no,bakery,bakery,match,,301 keep,no,
333,https://pepperoni.tatar/geo/vypechka-klassicheskaya-sochi,1,2026-07-01..2026-09-06,ru,301,/vyipechka-halyal,301 → 200,https://pepperoni.tatar/vyipechka-halyal,https://pepperoni.tatar/vyipechka-halyal,ru,no,bakery,bakery,match,,301 keep,no,
334,https://pepperoni.tatar/geo/vypechka-klassicheskaya-tambov,1,2026-07-01..2026-09-06,ru,301,/vyipechka-halyal,301 → 200,https://pepperoni.tatar/vyipechka-halyal,https://pepperoni.tatar/vyipechka-halyal,ru,no,bakery,bakery,match,,301 keep,no,
335,https://pepperoni.tatar/geo/vypechka-klassicheskaya-vanadzor,1,2026-07-01..2026-09-06,ru,301,/vyipechka-halyal,301 → 200,https://pepperoni.tatar/vyipechka-halyal,https://pepperoni.tatar/vyipechka-halyal,ru,no,bakery,bakery,match,,301 keep,no,
336,https://pepperoni.tatar/geo/vypechka-klassicheskaya-voronezh,1,2026-07-01..2026-09-06,ru,301,/vyipechka-halyal,301 → 200,https://pepperoni.tatar/vyipechka-halyal,https://pepperoni.tatar/vyipechka-halyal,ru,no,bakery,bakery,match,,301 keep,no,
337,https://pepperoni.tatar/geo/vypechka-klassicheskaya-yaroslavl-f,1,2026-07-01..2026-09-06,ru,301,/vyipechka-halyal,301 → 200,https://pepperoni.tatar/vyipechka-halyal,https://pepperoni.tatar/vyipechka-halyal,ru,no,bakery,bakery,match,,301 keep,no,
338,https://pepperoni.tatar/geo/vypechka-tatarskaya-chita,1,2026-07-01..2026-09-06,ru,301,/vyipechka-halyal,301 → 200,https://pepperoni.tatar/vyipechka-halyal,https://pepperoni.tatar/vyipechka-halyal,ru,no,bakery,bakery,match,,301 keep,no,
339,https://pepperoni.tatar/geo/vypechka-tatarskaya-izhevsk,1,2026-07-01..2026-09-06,ru,301,/vyipechka-halyal,301 → 200,https://pepperoni.tatar/vyipechka-halyal,https://pepperoni.tatar/vyipechka-halyal,ru,no,bakery,bakery,match,,301 keep,no,
340,https://pepperoni.tatar/geo/vypechka-tatarskaya-kemerovo,1,2026-07-01..2026-09-06,ru,301,/vyipechka-halyal,301 → 200,https://pepperoni.tatar/vyipechka-halyal,https://pepperoni.tatar/vyipechka-halyal,ru,no,bakery,bakery,match,,301 keep,no,
341,https://pepperoni.tatar/geo/vypechka-tatarskaya-khabarovsk,1,2026-07-01..2026-09-06,ru,301,/vyipechka-halyal,301 → 200,https://pepperoni.tatar/vyipechka-halyal,https://pepperoni.tatar/vyipechka-halyal,ru,no,bakery,bakery,match,,301 keep,no,
342,https://pepperoni.tatar/geo/vypechka-tatarskaya-kostroma-f,1,2026-07-01..2026-09-06,ru,301,/vyipechka-halyal,301 → 200,https://pepperoni.tatar/vyipechka-halyal,https://pepperoni.tatar/vyipechka-halyal,ru,no,bakery,bakery,match,,301 keep,no,
343,https://pepperoni.tatar/geo/vypechka-tatarskaya-minsk,1,2026-07-01..2026-09-06,ru,301,/vyipechka-halyal,301 → 200,https://pepperoni.tatar/vyipechka-halyal,https://pepperoni.tatar/vyipechka-halyal,ru,no,bakery,bakery,match,,301 keep,no,
344,https://pepperoni.tatar/geo/vypechka-tatarskaya-novosibirsk,1,2026-07-01..2026-09-06,ru,301,/vyipechka-halyal,301 → 200,https://pepperoni.tatar/vyipechka-halyal,https://pepperoni.tatar/vyipechka-halyal,ru,no,bakery,bakery,match,,301 keep,no,
345,https://pepperoni.tatar/geo/vypechka-tatarskaya-orenburg-f,1,2026-07-01..2026-09-06,ru,301,/vyipechka-halyal,301 → 200,https://pepperoni.tatar/vyipechka-halyal,https://pepperoni.tatar/vyipechka-halyal,ru,no,bakery,bakery,match,,301 keep,no,
346,https://pepperoni.tatar/geo/vypechka-tatarskaya-saransk-d,1,2026-07-01..2026-09-06,ru,301,/vyipechka-halyal,301 → 200,https://pepperoni.tatar/vyipechka-halyal,https://pepperoni.tatar/vyipechka-halyal,ru,no,bakery,bakery,match,,301 keep,no,
347,https://pepperoni.tatar/geo/vypechka-tatarskaya-simferopol,1,2026-07-01..2026-09-06,ru,301,/vyipechka-halyal,301 → 200,https://pepperoni.tatar/vyipechka-halyal,https://pepperoni.tatar/vyipechka-halyal,ru,no,bakery,bakery,match,,301 keep,no,
348,https://pepperoni.tatar/geo/vypechka-tatarskaya-tver,1,2026-07-01..2026-09-06,ru,301,/vyipechka-halyal,301 → 200,https://pepperoni.tatar/vyipechka-halyal,https://pepperoni.tatar/vyipechka-halyal,ru,no,bakery,bakery,match,,301 keep,no,
349,https://pepperoni.tatar/geo/vypechka-tatarskaya-ussuriysk,1,2026-07-01..2026-09-06,ru,301,/vyipechka-halyal,301 → 200,https://pepperoni.tatar/vyipechka-halyal,https://pepperoni.tatar/vyipechka-halyal,ru,no,bakery,bakery,match,,301 keep,no,
350,https://pepperoni.tatar/geo/vypechka-tatarskaya-vladivostok,1,2026-07-01..2026-09-06,ru,301,/vyipechka-halyal,301 → 200,https://pepperoni.tatar/vyipechka-halyal,https://pepperoni.tatar/vyipechka-halyal,ru,no,bakery,bakery,match,,301 keep,no,
351,https://pepperoni.tatar/hy/geo/pelmeni-yerevan,1,2026-07-01..2026-09-06,ru,410,,301 → 200,https://pepperoni.tatar/en/products,https://pepperoni.tatar/en/products,en,yes,not-sold,catalog,410 correct (not in catalog),,410 no matching hub (leftover),no,
352,https://pepperoni.tatar/hy/geo/vypechka-tatarskaya-gyumri-d,1,2026-07-01..2026-09-06,ru,301,/vyipechka-halyal,301 → 200,https://pepperoni.tatar/en/vyipechka-halyal,https://pepperoni.tatar/en/vyipechka-halyal,en,yes,bakery,bakery,match,,301 keep,yes,
353,https://pepperoni.tatar/id/geo/farsh-medan,1,2026-07-01..2026-09-06,id,410,,301 → 200,https://pepperoni.tatar/en/products,https://pepperoni.tatar/en/products,en,yes,not-sold,catalog,410 correct (not in catalog),,410 no matching hub (leftover),no,
354,https://pepperoni.tatar/id/geo/private-label-stm-jakarta-c,1,2026-07-01..2026-09-06,id,301,/en/private-label,301 → 200,https://pepperoni.tatar/en/private-label,https://pepperoni.tatar/en/private-label,en,yes,private-label,private-label,match,,301 keep,yes,
355,https://pepperoni.tatar/id/geo/syroje-myaso-surabaya-c,1,2026-07-01..2026-09-06,id,410,,301 → 200,https://pepperoni.tatar/en/products,https://pepperoni.tatar/en/products,en,yes,not-sold,catalog,410 correct (not in catalog),,410 no matching hub (leftover),no,
356,https://pepperoni.tatar/ka/geo/syroje-myaso-batumi,1,2026-07-01..2026-09-06,ru,410,,301 → 200,https://pepperoni.tatar/en/products,https://pepperoni.tatar/en/products,en,yes,not-sold,catalog,410 correct (not in catalog),,410 no matching hub (leftover),no,
357,https://pepperoni.tatar/kk/geo/pepperoni-aktau,1,2026-07-01..2026-09-06,kk,301,/pepperoni,301 → 200,https://pepperoni.tatar/en/pepperoni,https://pepperoni.tatar/en/pepperoni,en,yes,pepperoni,pepperoni,match,,301 keep,yes,
358,https://pepperoni.tatar/kk/geo/vetchina-uralsk,1,2026-07-01..2026-09-06,kk,301,/vetchina-optom,301 → 200,https://pepperoni.tatar/en/vetchina-optom,https://pepperoni.tatar/en/vetchina-optom,en,yes,ham,ham,match,,301 keep,yes,
359,https://pepperoni.tatar/ms/geo/syroje-myaso-johor-bahru,1,2026-07-01..2026-09-06,ms,410,,301 → 200,https://pepperoni.tatar/en/products,https://pepperoni.tatar/en/products,en,yes,not-sold,catalog,410 correct (not in catalog),,410 no matching hub (leftover),no,
360,https://pepperoni.tatar/tg/geo/vypechka-klassicheskaya-khujand,1,2026-07-01..2026-09-06,ru,301,/vyipechka-halyal,301 → 200,https://pepperoni.tatar/en/vyipechka-halyal,https://pepperoni.tatar/en/vyipechka-halyal,en,yes,bakery,bakery,match,,301 keep,yes,
361,https://pepperoni.tatar/tr/geo/farsh-izmir,1,2026-07-01..2026-09-06,tr,410,,301 → 200,https://pepperoni.tatar/en/products,https://pepperoni.tatar/en/products,en,yes,not-sold,catalog,410 correct (not in catalog),,410 no matching hub (leftover),no,
362,https://pepperoni.tatar/tr/geo/kazylyk-premium-ankara,1,2026-07-01..2026-09-06,tr,301,/en/kazylyk,301 → 200,https://pepperoni.tatar/en/kazylyk,https://pepperoni.tatar/en/kazylyk,en,yes,kazylyk,kazylyk,match,,301 keep,yes,
363,https://pepperoni.tatar/tr/geo/syroje-myaso-antalya,1,2026-07-01..2026-09-06,tr,410,,301 → 200,https://pepperoni.tatar/en/products,https://pepperoni.tatar/en/products,en,yes,not-sold,catalog,410 correct (not in catalog),,410 no matching hub (leftover),no,
