url,status,location,canonical,robots_meta,x_robots,html_lang,hreflang_ok,problems
https://pepperoni.tatar/,200,,https://pepperoni.tatar/,"index, follow","index, follow",ru,yes,
https://pepperoni.tatar/en/,200,,https://pepperoni.tatar/en/,"index, follow","index, follow",en,yes,
https://pepperoni.tatar/about,200,,https://pepperoni.tatar/about,"index, follow","index, follow",ru,no,hreflang≠sitemap: x-default: page=None sm=https://pepperoni.tatar/about
https://pepperoni.tatar/blog,200,,https://pepperoni.tatar/blog,"index, follow","index, follow",ru,no,hreflang≠sitemap: x-default: page=None sm=https://pepperoni.tatar/blog
https://pepperoni.tatar/capabilities,200,,https://pepperoni.tatar/capabilities,"index, follow","index, follow",ru,yes,
https://pepperoni.tatar/cases,200,,https://pepperoni.tatar/cases,"index, follow","index, follow",ru,yes,
https://pepperoni.tatar/certificates,200,,https://pepperoni.tatar/certificates,"index,follow,max-image-preview:large","index, follow",ru,yes,
https://pepperoni.tatar/delivery,200,,https://pepperoni.tatar/delivery,"index, follow","index, follow",ru,no,hreflang≠sitemap: x-default: page=None sm=https://pepperoni.tatar/delivery
https://pepperoni.tatar/dlya-azs,200,,https://pepperoni.tatar/dlya-azs,"index, follow","index, follow",ru,no,hreflang≠sitemap: x-default: page=None sm=https://pepperoni.tatar/dlya-azs
https://pepperoni.tatar/dlya-distributorov,200,,https://pepperoni.tatar/dlya-distributorov,"index, follow","index, follow",ru,no,hreflang≠sitemap: x-default: page=None sm=https://pepperoni.tatar/dlya-distributorov
https://pepperoni.tatar/dlya-horeca,200,,https://pepperoni.tatar/dlya-horeca,"index, follow","index, follow",ru,no,hreflang≠sitemap: x-default: page=None sm=https://pepperoni.tatar/dlya-horeca
https://pepperoni.tatar/dlya-pekaren,200,,https://pepperoni.tatar/dlya-pekaren,"index, follow","index, follow",ru,no,hreflang≠sitemap: x-default: page=None sm=https://pepperoni.tatar/dlya-pekaren
https://pepperoni.tatar/dlya-setey,200,,https://pepperoni.tatar/dlya-setey,"index, follow","index, follow",ru,no,hreflang≠sitemap: x-default: page=None sm=https://pepperoni.tatar/dlya-setey
https://pepperoni.tatar/editorial-policy,200,,https://pepperoni.tatar/editorial-policy,"index,follow,max-image-preview:large","index, follow",ru,yes,
https://pepperoni.tatar/en/about,200,,https://pepperoni.tatar/en/about,"index, follow","index, follow",en,no,hreflang≠sitemap: x-default: page=None sm=https://pepperoni.tatar/about
https://pepperoni.tatar/en/blog,200,,https://pepperoni.tatar/en/blog,"index, follow","index, follow",en,yes,
https://pepperoni.tatar/en/capabilities,200,,https://pepperoni.tatar/en/capabilities,"index, follow","index, follow",en,no,hreflang≠sitemap: x-default: page=https://pepperoni.tatar/en/capabilities sm=https://pepperoni.tatar/capabilities
https://pepperoni.tatar/en/cases,200,,https://pepperoni.tatar/en/cases,"index, follow","index, follow",en,no,hreflang≠sitemap: x-default: page=https://pepperoni.tatar/en/cases sm=https://pepperoni.tatar/cases
https://pepperoni.tatar/en/certificates,200,,https://pepperoni.tatar/en/certificates,"index,follow,max-image-preview:large","index, follow",en,yes,
https://pepperoni.tatar/en/delivery,200,,https://pepperoni.tatar/en/delivery,"index, follow","index, follow",en,no,hreflang≠sitemap: x-default: page=None sm=https://pepperoni.tatar/delivery
https://pepperoni.tatar/en/dlya-azs,200,,https://pepperoni.tatar/en/dlya-azs,"index, follow","index, follow",en,no,hreflang≠sitemap: x-default: page=https://pepperoni.tatar/en/dlya-azs sm=https://pepperoni.tatar/dlya-azs
https://pepperoni.tatar/en/dlya-distributorov,200,,https://pepperoni.tatar/en/dlya-distributorov,"index, follow","index, follow",en,no,hreflang≠sitemap: x-default: page=https://pepperoni.tatar/en/dlya-distributorov sm=https://pepperoni.tatar/dlya-distributorov
https://pepperoni.tatar/en/dlya-horeca,200,,https://pepperoni.tatar/en/dlya-horeca,"index, follow","index, follow",en,no,hreflang≠sitemap: x-default: page=https://pepperoni.tatar/en/dlya-horeca sm=https://pepperoni.tatar/dlya-horeca
https://pepperoni.tatar/en/dlya-pekaren,200,,https://pepperoni.tatar/en/dlya-pekaren,"index, follow","index, follow",en,no,hreflang≠sitemap: x-default: page=https://pepperoni.tatar/en/dlya-pekaren sm=https://pepperoni.tatar/dlya-pekaren
https://pepperoni.tatar/en/dlya-setey,200,,https://pepperoni.tatar/en/dlya-setey,"index, follow","index, follow",en,no,hreflang≠sitemap: x-default: page=https://pepperoni.tatar/en/dlya-setey sm=https://pepperoni.tatar/dlya-setey
https://pepperoni.tatar/en/editorial-policy,200,,https://pepperoni.tatar/en/editorial-policy,"index,follow,max-image-preview:large","index, follow",en,yes,
https://pepperoni.tatar/en/export,200,,https://pepperoni.tatar/en/export,"index, follow","index, follow",en,yes,
https://pepperoni.tatar/en/faq,200,,https://pepperoni.tatar/en/faq,"index, follow","index, follow",en,no,hreflang≠sitemap: x-default: page=None sm=https://pepperoni.tatar/faq
https://pepperoni.tatar/en/halal,200,,https://pepperoni.tatar/en/halal,"index, follow","index, follow",en,no,hreflang≠sitemap: x-default: page=None sm=https://pepperoni.tatar/halal
https://pepperoni.tatar/en/kazylyk,200,,https://pepperoni.tatar/en/kazylyk,"index, follow","index, follow",en,no,hreflang≠sitemap: x-default: page=None sm=https://pepperoni.tatar/kazylyk
https://pepperoni.tatar/en/kolbasy-kopchyonye,200,,https://pepperoni.tatar/en/kolbasy-kopchyonye,"index, follow","index, follow",en,yes,
https://pepperoni.tatar/en/kolbasy-varenye,200,,https://pepperoni.tatar/en/kolbasy-varenye,"index, follow","index, follow",en,yes,
https://pepperoni.tatar/en/kotlety-dlya-burgerov,200,,https://pepperoni.tatar/en/kotlety-dlya-burgerov,"index, follow","index, follow",en,yes,
https://pepperoni.tatar/en/pepperoni,200,,https://pepperoni.tatar/en/pepperoni,"index, follow, max-image-preview:large","index, follow",en,yes,
https://pepperoni.tatar/en/pepperoni-dlya-pizzerii,200,,https://pepperoni.tatar/en/pepperoni-dlya-pizzerii,"index, follow","index, follow",en,no,hreflang≠sitemap: x-default: page=None sm=https://pepperoni.tatar/pepperoni-dlya-pizzerii
https://pepperoni.tatar/en/pepperoni-v-narezke,200,,https://pepperoni.tatar/en/pepperoni-v-narezke,"index, follow","index, follow",en,no,hreflang≠sitemap: x-default: page=None sm=https://pepperoni.tatar/pepperoni-v-narezke
https://pepperoni.tatar/en/pizzeria,200,,https://pepperoni.tatar/en/pizzeria,"index, follow","index, follow",en,no,hreflang≠sitemap: x-default: page=None sm=https://pepperoni.tatar/pizzeria
https://pepperoni.tatar/en/private-label,200,,https://pepperoni.tatar/en/private-label,"index, follow","index, follow",en,n.a.,
https://pepperoni.tatar/en/products/kd-001,200,,https://pepperoni.tatar/en/products/kd-001,"index, follow","index, follow",en,yes,
https://pepperoni.tatar/en/products/kd-002,200,,https://pepperoni.tatar/en/products/kd-002,"index, follow","index, follow",en,yes,
https://pepperoni.tatar/en/products/kd-003,200,,https://pepperoni.tatar/en/products/kd-003,"index, follow","index, follow",en,yes,
https://pepperoni.tatar/en/products/kd-004,200,,https://pepperoni.tatar/en/products/kd-004,"index, follow","index, follow",en,yes,
https://pepperoni.tatar/en/products/kd-005,200,,https://pepperoni.tatar/en/products/kd-005,"index, follow","index, follow",en,yes,
https://pepperoni.tatar/en/products/kd-006,200,,https://pepperoni.tatar/en/products/kd-006,"index, follow","index, follow",en,yes,
https://pepperoni.tatar/en/products/kd-007,200,,https://pepperoni.tatar/en/products/kd-007,"index, follow","index, follow",en,yes,
https://pepperoni.tatar/en/products/kd-008,200,,https://pepperoni.tatar/en/products/kd-008,"index, follow","index, follow",en,yes,
https://pepperoni.tatar/en/products/kd-009,200,,https://pepperoni.tatar/en/products/kd-009,"index, follow","index, follow",en,yes,
https://pepperoni.tatar/en/products/kd-010,200,,https://pepperoni.tatar/en/products/kd-010,"index, follow","index, follow",en,yes,
https://pepperoni.tatar/en/products/kd-011,200,,https://pepperoni.tatar/en/products/kd-011,"index, follow","index, follow",en,yes,
https://pepperoni.tatar/en/products/kd-013,0,,,,,,,status 0
https://pepperoni.tatar/en/products/kd-014,200,,https://pepperoni.tatar/en/products/kd-014,"index, follow","index, follow",en,yes,
https://pepperoni.tatar/en/products/kd-015,200,,https://pepperoni.tatar/en/products/kd-015,"index, follow","index, follow",en,yes,
https://pepperoni.tatar/en/products/kd-017,200,,https://pepperoni.tatar/en/products/kd-017,"index, follow","index, follow",en,yes,
https://pepperoni.tatar/en/products/kd-018,200,,https://pepperoni.tatar/en/products/kd-018,"index, follow","index, follow",en,yes,
https://pepperoni.tatar/en/products/kd-019,200,,https://pepperoni.tatar/en/products/kd-019,"index, follow","index, follow",en,yes,
https://pepperoni.tatar/en/products/kd-020,200,,https://pepperoni.tatar/en/products/kd-020,"index, follow","index, follow",en,yes,
https://pepperoni.tatar/en/products/kd-021,200,,https://pepperoni.tatar/en/products/kd-021,"index, follow","index, follow",en,yes,
https://pepperoni.tatar/en/products/kd-022,200,,https://pepperoni.tatar/en/products/kd-022,"index, follow","index, follow",en,yes,
https://pepperoni.tatar/en/products/kd-023,200,,https://pepperoni.tatar/en/products/kd-023,"index, follow","index, follow",en,yes,
https://pepperoni.tatar/en/products/kd-024,200,,https://pepperoni.tatar/en/products/kd-024,"index, follow","index, follow",en,yes,
https://pepperoni.tatar/en/products/kd-025,200,,https://pepperoni.tatar/en/products/kd-025,"index, follow","index, follow",en,yes,
https://pepperoni.tatar/en/products/kd-026,200,,https://pepperoni.tatar/en/products/kd-026,"index, follow","index, follow",en,yes,
https://pepperoni.tatar/en/products/kd-027,200,,https://pepperoni.tatar/en/products/kd-027,"index, follow","index, follow",en,yes,
https://pepperoni.tatar/en/products/kd-028,200,,https://pepperoni.tatar/en/products/kd-028,"index, follow","index, follow",en,yes,
https://pepperoni.tatar/en/products/kd-029,200,,https://pepperoni.tatar/en/products/kd-029,"index, follow","index, follow",en,yes,
https://pepperoni.tatar/en/products/kd-030,200,,https://pepperoni.tatar/en/products/kd-030,"index, follow","index, follow",en,yes,
https://pepperoni.tatar/en/products/kd-031,200,,https://pepperoni.tatar/en/products/kd-031,"index, follow","index, follow",en,yes,
https://pepperoni.tatar/en/products/kd-032,200,,https://pepperoni.tatar/en/products/kd-032,"index, follow","index, follow",en,yes,
https://pepperoni.tatar/en/products/kd-033,200,,https://pepperoni.tatar/en/products/kd-033,"index, follow","index, follow",en,yes,
https://pepperoni.tatar/en/products/kd-034,200,,https://pepperoni.tatar/en/products/kd-034,"index, follow","index, follow",en,yes,
https://pepperoni.tatar/en/products/kd-035,200,,https://pepperoni.tatar/en/products/kd-035,"index, follow","index, follow",en,yes,
https://pepperoni.tatar/en/products/kd-036,200,,https://pepperoni.tatar/en/products/kd-036,"index, follow","index, follow",en,yes,
https://pepperoni.tatar/en/products/kd-037,200,,https://pepperoni.tatar/en/products/kd-037,"index, follow","index, follow",en,yes,
https://pepperoni.tatar/en/products/kd-038,200,,https://pepperoni.tatar/en/products/kd-038,"index, follow","index, follow",en,yes,
https://pepperoni.tatar/en/products/kd-039,200,,https://pepperoni.tatar/en/products/kd-039,"index, follow","index, follow",en,yes,
https://pepperoni.tatar/en/products/kd-040,200,,https://pepperoni.tatar/en/products/kd-040,"index, follow","index, follow",en,yes,
https://pepperoni.tatar/en/products/kd-041,200,,https://pepperoni.tatar/en/products/kd-041,"index, follow","index, follow",en,yes,
https://pepperoni.tatar/en/products/kd-042,200,,https://pepperoni.tatar/en/products/kd-042,"index, follow","index, follow",en,yes,
https://pepperoni.tatar/en/products/kd-043,200,,https://pepperoni.tatar/en/products/kd-043,"index, follow","index, follow",en,yes,
https://pepperoni.tatar/en/products/kd-044,200,,https://pepperoni.tatar/en/products/kd-044,"index, follow","index, follow",en,yes,
https://pepperoni.tatar/en/products/kd-045,200,,https://pepperoni.tatar/en/products/kd-045,"index, follow","index, follow",en,yes,
https://pepperoni.tatar/en/products/kd-046,200,,https://pepperoni.tatar/en/products/kd-046,"index, follow","index, follow",en,yes,
https://pepperoni.tatar/en/products/kd-047,200,,https://pepperoni.tatar/en/products/kd-047,"index, follow","index, follow",en,yes,
https://pepperoni.tatar/en/products/kd-048,200,,https://pepperoni.tatar/en/products/kd-048,"index, follow","index, follow",en,yes,
https://pepperoni.tatar/en/products/kd-049,200,,https://pepperoni.tatar/en/products/kd-049,"index, follow","index, follow",en,yes,
https://pepperoni.tatar/en/products/kd-050,200,,https://pepperoni.tatar/en/products/kd-050,"index, follow","index, follow",en,yes,
https://pepperoni.tatar/en/products/kd-051,200,,https://pepperoni.tatar/en/products/kd-051,"index, follow","index, follow",en,yes,
https://pepperoni.tatar/en/products/kd-052,200,,https://pepperoni.tatar/en/products/kd-052,"index, follow","index, follow",en,yes,
https://pepperoni.tatar/en/products/kd-053,200,,https://pepperoni.tatar/en/products/kd-053,"index, follow","index, follow",en,yes,
https://pepperoni.tatar/en/products/kd-054,200,,https://pepperoni.tatar/en/products/kd-054,"index, follow","index, follow",en,yes,
https://pepperoni.tatar/en/products/kd-055,200,,https://pepperoni.tatar/en/products/kd-055,"index, follow","index, follow",en,yes,
https://pepperoni.tatar/en/products/kd-056,200,,https://pepperoni.tatar/en/products/kd-056,"index, follow","index, follow",en,yes,
https://pepperoni.tatar/en/products/kd-057,200,,https://pepperoni.tatar/en/products/kd-057,"index, follow","index, follow",en,yes,
https://pepperoni.tatar/en/products/kd-058,200,,https://pepperoni.tatar/en/products/kd-058,"index, follow","index, follow",en,yes,
https://pepperoni.tatar/en/products/kd-059,200,,https://pepperoni.tatar/en/products/kd-059,"index, follow","index, follow",en,yes,
https://pepperoni.tatar/en/products/kd-060,200,,https://pepperoni.tatar/en/products/kd-060,"index, follow","index, follow",en,yes,
https://pepperoni.tatar/en/products/kd-061,200,,https://pepperoni.tatar/en/products/kd-061,"index, follow","index, follow",en,yes,
https://pepperoni.tatar/en/products/kd-062,200,,https://pepperoni.tatar/en/products/kd-062,"index, follow","index, follow",en,yes,
https://pepperoni.tatar/en/products/kd-063,200,,https://pepperoni.tatar/en/products/kd-063,"index, follow","index, follow",en,yes,
https://pepperoni.tatar/en/products/kd-064,200,,https://pepperoni.tatar/en/products/kd-064,"index, follow","index, follow",en,yes,
https://pepperoni.tatar/en/sosiska-v-teste,200,,https://pepperoni.tatar/en/sosiska-v-teste,"index, follow","index, follow",en,yes,
https://pepperoni.tatar/en/sosiski-dlya-hotdog,200,,https://pepperoni.tatar/en/sosiski-dlya-hotdog,"index, follow","index, follow",en,yes,
https://pepperoni.tatar/en/vetchina-optom,200,,https://pepperoni.tatar/en/vetchina-optom,"index, follow","index, follow",en,yes,
https://pepperoni.tatar/en/vyipechka-halyal,200,,https://pepperoni.tatar/en/vyipechka-halyal,"index, follow","index, follow",en,yes,
https://pepperoni.tatar/export,200,,https://pepperoni.tatar/export,"index, follow","index, follow",ru,yes,
https://pepperoni.tatar/faq,200,,https://pepperoni.tatar/faq,"index, follow","index, follow",ru,no,hreflang≠sitemap: x-default: page=None sm=https://pepperoni.tatar/faq
https://pepperoni.tatar/halal,200,,https://pepperoni.tatar/halal,"index, follow","index, follow",ru,no,hreflang≠sitemap: x-default: page=None sm=https://pepperoni.tatar/halal
https://pepperoni.tatar/kazylyk,200,,https://pepperoni.tatar/kazylyk,"index, follow","index, follow",ru,no,hreflang≠sitemap: x-default: page=None sm=https://pepperoni.tatar/kazylyk
https://pepperoni.tatar/kolbasy-kopchyonye,200,,https://pepperoni.tatar/kolbasy-kopchyonye,"index, follow","index, follow",ru,no,hreflang≠sitemap: en: page=None sm=https://pepperoni.tatar/en/kolbasy-kopchyonye
https://pepperoni.tatar/kolbasy-varenye,200,,https://pepperoni.tatar/kolbasy-varenye,"index, follow","index, follow",ru,no,hreflang≠sitemap: en: page=None sm=https://pepperoni.tatar/en/kolbasy-varenye
https://pepperoni.tatar/kontraktnoe-proizvodstvo,200,,https://pepperoni.tatar/kontraktnoe-proizvodstvo,"index, follow","index, follow",ru,n.a.,
https://pepperoni.tatar/kotlety-dlya-burgerov,200,,https://pepperoni.tatar/kotlety-dlya-burgerov,"index, follow","index, follow",ru,no,hreflang≠sitemap: en: page=None sm=https://pepperoni.tatar/en/kotlety-dlya-burgerov
https://pepperoni.tatar/pepperoni,200,,https://pepperoni.tatar/pepperoni,"index, follow, max-image-preview:large","index, follow",ru,yes,
https://pepperoni.tatar/pepperoni-dlya-pizzerii,200,,https://pepperoni.tatar/pepperoni-dlya-pizzerii,"index, follow","index, follow",ru,no,hreflang≠sitemap: en: page=None sm=https://pepperoni.tatar/en/pepperoni-dlya-pizzerii
https://pepperoni.tatar/pepperoni-v-narezke,200,,https://pepperoni.tatar/pepperoni-v-narezke,"index, follow","index, follow",ru,no,hreflang≠sitemap: en: page=None sm=https://pepperoni.tatar/en/pepperoni-v-narezke
https://pepperoni.tatar/pizzeria,200,,https://pepperoni.tatar/pizzeria,"index, follow","index, follow",ru,no,hreflang≠sitemap: x-default: page=None sm=https://pepperoni.tatar/pizzeria
https://pepperoni.tatar/products/kd-001,200,,https://pepperoni.tatar/products/kd-001,"index, follow","index, follow",ru,yes,
https://pepperoni.tatar/products/kd-002,200,,https://pepperoni.tatar/products/kd-002,"index, follow","index, follow",ru,yes,
https://pepperoni.tatar/products/kd-003,200,,https://pepperoni.tatar/products/kd-003,"index, follow","index, follow",ru,yes,
https://pepperoni.tatar/products/kd-004,200,,https://pepperoni.tatar/products/kd-004,"index, follow","index, follow",ru,yes,
https://pepperoni.tatar/products/kd-005,200,,https://pepperoni.tatar/products/kd-005,"index, follow","index, follow",ru,yes,
https://pepperoni.tatar/products/kd-006,200,,https://pepperoni.tatar/products/kd-006,"index, follow","index, follow",ru,yes,
https://pepperoni.tatar/products/kd-007,200,,https://pepperoni.tatar/products/kd-007,"index, follow","index, follow",ru,yes,
https://pepperoni.tatar/products/kd-008,200,,https://pepperoni.tatar/products/kd-008,"index, follow","index, follow",ru,yes,
https://pepperoni.tatar/products/kd-009,200,,https://pepperoni.tatar/products/kd-009,"index, follow","index, follow",ru,yes,
https://pepperoni.tatar/products/kd-010,200,,https://pepperoni.tatar/products/kd-010,"index, follow","index, follow",ru,yes,
https://pepperoni.tatar/products/kd-011,200,,https://pepperoni.tatar/products/kd-011,"index, follow","index, follow",ru,yes,
https://pepperoni.tatar/products/kd-013,200,,https://pepperoni.tatar/products/kd-013,"index, follow","index, follow",ru,yes,
https://pepperoni.tatar/products/kd-014,200,,https://pepperoni.tatar/products/kd-014,"index, follow","index, follow",ru,yes,
https://pepperoni.tatar/products/kd-015,200,,https://pepperoni.tatar/products/kd-015,"index, follow","index, follow",ru,yes,
https://pepperoni.tatar/products/kd-017,200,,https://pepperoni.tatar/products/kd-017,"index, follow","index, follow",ru,yes,
https://pepperoni.tatar/products/kd-018,200,,https://pepperoni.tatar/products/kd-018,"index, follow","index, follow",ru,yes,
https://pepperoni.tatar/products/kd-019,200,,https://pepperoni.tatar/products/kd-019,"index, follow","index, follow",ru,yes,
https://pepperoni.tatar/products/kd-020,200,,https://pepperoni.tatar/products/kd-020,"index, follow","index, follow",ru,yes,
https://pepperoni.tatar/products/kd-021,200,,https://pepperoni.tatar/products/kd-021,"index, follow","index, follow",ru,yes,
https://pepperoni.tatar/products/kd-022,200,,https://pepperoni.tatar/products/kd-022,"index, follow","index, follow",ru,yes,
https://pepperoni.tatar/products/kd-023,200,,https://pepperoni.tatar/products/kd-023,"index, follow","index, follow",ru,yes,
https://pepperoni.tatar/products/kd-024,200,,https://pepperoni.tatar/products/kd-024,"index, follow","index, follow",ru,yes,
https://pepperoni.tatar/products/kd-025,200,,https://pepperoni.tatar/products/kd-025,"index, follow","index, follow",ru,yes,
https://pepperoni.tatar/products/kd-026,200,,https://pepperoni.tatar/products/kd-026,"index, follow","index, follow",ru,yes,
https://pepperoni.tatar/products/kd-027,200,,https://pepperoni.tatar/products/kd-027,"index, follow","index, follow",ru,yes,
https://pepperoni.tatar/products/kd-028,200,,https://pepperoni.tatar/products/kd-028,"index, follow","index, follow",ru,yes,
https://pepperoni.tatar/products/kd-029,200,,https://pepperoni.tatar/products/kd-029,"index, follow","index, follow",ru,yes,
https://pepperoni.tatar/products/kd-030,200,,https://pepperoni.tatar/products/kd-030,"index, follow","index, follow",ru,yes,
https://pepperoni.tatar/products/kd-031,200,,https://pepperoni.tatar/products/kd-031,"index, follow","index, follow",ru,yes,
https://pepperoni.tatar/products/kd-032,200,,https://pepperoni.tatar/products/kd-032,"index, follow","index, follow",ru,yes,
https://pepperoni.tatar/products/kd-033,200,,https://pepperoni.tatar/products/kd-033,"index, follow","index, follow",ru,yes,
https://pepperoni.tatar/products/kd-034,200,,https://pepperoni.tatar/products/kd-034,"index, follow","index, follow",ru,yes,
https://pepperoni.tatar/products/kd-035,200,,https://pepperoni.tatar/products/kd-035,"index, follow","index, follow",ru,yes,
https://pepperoni.tatar/products/kd-036,200,,https://pepperoni.tatar/products/kd-036,"index, follow","index, follow",ru,yes,
https://pepperoni.tatar/products/kd-037,200,,https://pepperoni.tatar/products/kd-037,"index, follow","index, follow",ru,yes,
https://pepperoni.tatar/products/kd-038,200,,https://pepperoni.tatar/products/kd-038,"index, follow","index, follow",ru,yes,
https://pepperoni.tatar/products/kd-039,200,,https://pepperoni.tatar/products/kd-039,"index, follow","index, follow",ru,yes,
https://pepperoni.tatar/products/kd-040,200,,https://pepperoni.tatar/products/kd-040,"index, follow","index, follow",ru,yes,
https://pepperoni.tatar/products/kd-041,200,,https://pepperoni.tatar/products/kd-041,"index, follow","index, follow",ru,yes,
https://pepperoni.tatar/products/kd-042,200,,https://pepperoni.tatar/products/kd-042,"index, follow","index, follow",ru,yes,
https://pepperoni.tatar/products/kd-043,200,,https://pepperoni.tatar/products/kd-043,"index, follow","index, follow",ru,yes,
https://pepperoni.tatar/products/kd-044,200,,https://pepperoni.tatar/products/kd-044,"index, follow","index, follow",ru,yes,
https://pepperoni.tatar/products/kd-045,200,,https://pepperoni.tatar/products/kd-045,"index, follow","index, follow",ru,yes,
https://pepperoni.tatar/products/kd-046,200,,https://pepperoni.tatar/products/kd-046,"index, follow","index, follow",ru,yes,
https://pepperoni.tatar/products/kd-047,200,,https://pepperoni.tatar/products/kd-047,"index, follow","index, follow",ru,yes,
https://pepperoni.tatar/products/kd-048,200,,https://pepperoni.tatar/products/kd-048,"index, follow","index, follow",ru,yes,
https://pepperoni.tatar/products/kd-049,200,,https://pepperoni.tatar/products/kd-049,"index, follow","index, follow",ru,yes,
https://pepperoni.tatar/products/kd-050,200,,https://pepperoni.tatar/products/kd-050,"index, follow","index, follow",ru,yes,
https://pepperoni.tatar/products/kd-051,200,,https://pepperoni.tatar/products/kd-051,"index, follow","index, follow",ru,yes,
https://pepperoni.tatar/products/kd-052,200,,https://pepperoni.tatar/products/kd-052,"index, follow","index, follow",ru,yes,
https://pepperoni.tatar/products/kd-053,200,,https://pepperoni.tatar/products/kd-053,"index, follow","index, follow",ru,yes,
https://pepperoni.tatar/products/kd-054,200,,https://pepperoni.tatar/products/kd-054,"index, follow","index, follow",ru,yes,
https://pepperoni.tatar/products/kd-055,200,,https://pepperoni.tatar/products/kd-055,"index, follow","index, follow",ru,yes,
https://pepperoni.tatar/products/kd-056,200,,https://pepperoni.tatar/products/kd-056,"index, follow","index, follow",ru,yes,
https://pepperoni.tatar/products/kd-057,200,,https://pepperoni.tatar/products/kd-057,"index, follow","index, follow",ru,yes,
https://pepperoni.tatar/products/kd-058,200,,https://pepperoni.tatar/products/kd-058,"index, follow","index, follow",ru,yes,
https://pepperoni.tatar/products/kd-059,200,,https://pepperoni.tatar/products/kd-059,"index, follow","index, follow",ru,yes,
https://pepperoni.tatar/products/kd-060,200,,https://pepperoni.tatar/products/kd-060,"index, follow","index, follow",ru,yes,
https://pepperoni.tatar/products/kd-061,200,,https://pepperoni.tatar/products/kd-061,"index, follow","index, follow",ru,yes,
https://pepperoni.tatar/products/kd-062,200,,https://pepperoni.tatar/products/kd-062,"index, follow","index, follow",ru,yes,
https://pepperoni.tatar/products/kd-063,200,,https://pepperoni.tatar/products/kd-063,"index, follow","index, follow",ru,yes,
https://pepperoni.tatar/products/kd-064,200,,https://pepperoni.tatar/products/kd-064,"index, follow","index, follow",ru,yes,
https://pepperoni.tatar/sosiska-v-teste,200,,https://pepperoni.tatar/sosiska-v-teste,"index, follow","index, follow",ru,yes,
https://pepperoni.tatar/sosiski-dlya-hotdog,200,,https://pepperoni.tatar/sosiski-dlya-hotdog,"index, follow","index, follow",ru,no,hreflang≠sitemap: en: page=None sm=https://pepperoni.tatar/en/sosiski-dlya-hotdog
https://pepperoni.tatar/vetchina-optom,200,,https://pepperoni.tatar/vetchina-optom,"index, follow","index, follow",ru,no,hreflang≠sitemap: en: page=None sm=https://pepperoni.tatar/en/vetchina-optom
https://pepperoni.tatar/vyipechka-halyal,200,,https://pepperoni.tatar/vyipechka-halyal,"index, follow","index, follow",ru,no,hreflang≠sitemap: en: page=None sm=https://pepperoni.tatar/en/vyipechka-halyal
https://pepperoni.tatar/blog/echpochmak,200,,https://pepperoni.tatar/blog/echpochmak,"index, follow","index, follow",ru,n.a.,
https://pepperoni.tatar/blog/halal-certification-russia,200,,https://pepperoni.tatar/blog/halal-certification-russia,,"index, follow",ru,yes,
https://pepperoni.tatar/blog/iso-22000-iaf-certsearch,200,,https://pepperoni.tatar/blog/iso-22000-iaf-certsearch,"index, follow","index, follow",ru,n.a.,
https://pepperoni.tatar/blog/kak-hranit-pepperoni,200,,https://pepperoni.tatar/blog/kak-hranit-pepperoni,,"index, follow",ru,n.a.,
https://pepperoni.tatar/blog/karmin-e120-haram,200,,https://pepperoni.tatar/blog/karmin-e120-haram,"index, follow","index, follow",ru,n.a.,
https://pepperoni.tatar/blog/kazylyk,200,,https://pepperoni.tatar/blog/kazylyk,"index, follow","index, follow",ru,n.a.,
https://pepperoni.tatar/blog/kotlety-dlya-burgerov-optom,200,,https://pepperoni.tatar/blog/kotlety-dlya-burgerov-optom,"index, follow","index, follow",ru,n.a.,
https://pepperoni.tatar/blog/narezka-pepperoni-parametry,200,,https://pepperoni.tatar/blog/narezka-pepperoni-parametry,"index, follow","index, follow",ru,n.a.,
https://pepperoni.tatar/blog/pepperoni-for-pizzeria-horeca,200,,https://pepperoni.tatar/blog/pepperoni-for-pizzeria-horeca,"index, follow","index, follow",ru,yes,
https://pepperoni.tatar/blog/pepperoni-iz-kakogo-myasa,200,,https://pepperoni.tatar/blog/pepperoni-iz-kakogo-myasa,"index, follow","index, follow",ru,n.a.,
https://pepperoni.tatar/blog/private-label-kolbasnyh-izdeliy,200,,https://pepperoni.tatar/blog/private-label-kolbasnyh-izdeliy,"index, follow","index, follow",ru,n.a.,
https://pepperoni.tatar/blog/sosiski-dlya-hot-dogov-optom,200,,https://pepperoni.tatar/blog/sosiski-dlya-hot-dogov-optom,"index, follow","index, follow",ru,n.a.,
https://pepperoni.tatar/blog/tatarskaya-vypechka-optom,200,,https://pepperoni.tatar/blog/tatarskaya-vypechka-optom,,"index, follow",ru,n.a.,
https://pepperoni.tatar/blog/what-is-halal-pepperoni,200,,https://pepperoni.tatar/blog/what-is-halal-pepperoni,"index, follow","index, follow",ru,yes,
https://pepperoni.tatar/en/blog/beef-hotdog-sausages-halal,200,,https://pepperoni.tatar/en/blog/beef-hotdog-sausages-halal,,"index, follow",en,n.a.,
https://pepperoni.tatar/en/blog/burger-patties-wholesale-halal,200,,https://pepperoni.tatar/en/blog/burger-patties-wholesale-halal,,"index, follow",en,n.a.,
https://pepperoni.tatar/en/blog/echpochmak-halyal,200,,https://pepperoni.tatar/en/blog/echpochmak-halyal,,"index, follow",en,n.a.,
https://pepperoni.tatar/en/blog/halal-certification-russia,200,,https://pepperoni.tatar/en/blog/halal-certification-russia,,"index, follow",en,no,hreflang≠sitemap: ru: page=https://pepperoni.tatar/en/blog/halal-certification-russia sm=https://pepperoni.tatar/blog/halal-certification-russia; x-default: page=https://pepperoni.tatar/en/blog/halal-certification-russia sm=https://pepperoni.tatar/blog/halal-certification-russia
https://pepperoni.tatar/en/blog/kazylyk-horse-meat-sausage,200,,https://pepperoni.tatar/en/blog/kazylyk-horse-meat-sausage,"index, follow","index, follow",en,n.a.,
https://pepperoni.tatar/en/blog/pepperoni-for-pizzeria-horeca,200,,https://pepperoni.tatar/en/blog/pepperoni-for-pizzeria-horeca,"index, follow","index, follow",en,no,hreflang≠sitemap: ru: page=https://pepperoni.tatar/en/blog/pepperoni-for-pizzeria-horeca sm=https://pepperoni.tatar/blog/pepperoni-for-pizzeria-horeca; x-default: page=https://pepperoni.tatar/en/blog/pepperoni-for-pizzeria-horeca sm=https://pepperoni.tatar/blog/pepperoni-for-pizzeria-horeca
https://pepperoni.tatar/en/blog/pepperoni-slicing-specs,200,,https://pepperoni.tatar/en/blog/pepperoni-slicing-specs,,"index, follow",en,n.a.,
https://pepperoni.tatar/en/blog/private-label-meat-products,200,,https://pepperoni.tatar/en/blog/private-label-meat-products,,"index, follow",en,n.a.,
https://pepperoni.tatar/en/blog/tatar-bakery-wholesale,200,,https://pepperoni.tatar/en/blog/tatar-bakery-wholesale,"index, follow","index, follow",en,n.a.,
https://pepperoni.tatar/en/blog/what-is-halal-pepperoni,200,,https://pepperoni.tatar/en/blog/what-is-halal-pepperoni,"index, follow","index, follow",en,no,hreflang≠sitemap: x-default: page=https://pepperoni.tatar/en/blog/what-is-halal-pepperoni sm=https://pepperoni.tatar/blog/what-is-halal-pepperoni
https://pepperoni.tatar/en/blog/wholesale-pepperoni-russia-export,200,,https://pepperoni.tatar/en/blog/wholesale-pepperoni-russia-export,,"index, follow",en,n.a.,
https://pepperoni.tatar/en/export/armenia,200,,https://pepperoni.tatar/en/export/armenia,"index, follow","index, follow",en,yes,
https://pepperoni.tatar/en/export/azerbaijan,200,,https://pepperoni.tatar/en/export/azerbaijan,"index, follow","index, follow",en,yes,
https://pepperoni.tatar/en/export/bahrain,200,,https://pepperoni.tatar/en/export/bahrain,"index, follow","index, follow",en,yes,
https://pepperoni.tatar/en/export/belarus,200,,https://pepperoni.tatar/en/export/belarus,"index, follow","index, follow",en,yes,
https://pepperoni.tatar/en/export/egypt,200,,https://pepperoni.tatar/en/export/egypt,"index, follow","index, follow",en,yes,
https://pepperoni.tatar/en/export/georgia,200,,https://pepperoni.tatar/en/export/georgia,"index, follow","index, follow",en,yes,
https://pepperoni.tatar/en/export/kazakhstan,200,,https://pepperoni.tatar/en/export/kazakhstan,"index, follow","index, follow",en,yes,
https://pepperoni.tatar/en/export/kuwait,200,,https://pepperoni.tatar/en/export/kuwait,"index, follow","index, follow",en,yes,
https://pepperoni.tatar/en/export/kyrgyzstan,200,,https://pepperoni.tatar/en/export/kyrgyzstan,"index, follow","index, follow",en,yes,
https://pepperoni.tatar/en/export/oman,200,,https://pepperoni.tatar/en/export/oman,"index, follow","index, follow",en,yes,
https://pepperoni.tatar/en/export/qatar,200,,https://pepperoni.tatar/en/export/qatar,"index, follow","index, follow",en,yes,
https://pepperoni.tatar/en/export/saudi-arabia,200,,https://pepperoni.tatar/en/export/saudi-arabia,"index, follow","index, follow",en,yes,
https://pepperoni.tatar/en/export/tajikistan,200,,https://pepperoni.tatar/en/export/tajikistan,"index, follow","index, follow",en,yes,
https://pepperoni.tatar/en/export/uae,200,,https://pepperoni.tatar/en/export/uae,"index, follow","index, follow",en,yes,
https://pepperoni.tatar/en/export/yemen,200,,https://pepperoni.tatar/en/export/yemen,"index, follow","index, follow",en,yes,
https://pepperoni.tatar/en/products,200,,https://pepperoni.tatar/en/products,"index, follow","index, follow",en,yes,
https://pepperoni.tatar/export/armenia,200,,https://pepperoni.tatar/export/armenia,"index, follow","index, follow",ru,yes,
https://pepperoni.tatar/export/azerbaijan,200,,https://pepperoni.tatar/export/azerbaijan,"index, follow","index, follow",ru,yes,
https://pepperoni.tatar/export/bahrain,200,,https://pepperoni.tatar/export/bahrain,"index, follow","index, follow",ru,yes,
https://pepperoni.tatar/export/belarus,200,,https://pepperoni.tatar/export/belarus,"index, follow","index, follow",ru,yes,
https://pepperoni.tatar/export/egypt,200,,https://pepperoni.tatar/export/egypt,"index, follow","index, follow",ru,yes,
https://pepperoni.tatar/export/georgia,200,,https://pepperoni.tatar/export/georgia,"index, follow","index, follow",ru,yes,
https://pepperoni.tatar/export/kazakhstan,200,,https://pepperoni.tatar/export/kazakhstan,"index, follow","index, follow",ru,yes,
https://pepperoni.tatar/export/kuwait,200,,https://pepperoni.tatar/export/kuwait,"index, follow","index, follow",ru,yes,
https://pepperoni.tatar/export/kyrgyzstan,200,,https://pepperoni.tatar/export/kyrgyzstan,"index, follow","index, follow",ru,yes,
https://pepperoni.tatar/export/oman,200,,https://pepperoni.tatar/export/oman,"index, follow","index, follow",ru,yes,
https://pepperoni.tatar/export/qatar,200,,https://pepperoni.tatar/export/qatar,"index, follow","index, follow",ru,yes,
https://pepperoni.tatar/export/saudi-arabia,200,,https://pepperoni.tatar/export/saudi-arabia,"index, follow","index, follow",ru,yes,
https://pepperoni.tatar/export/tajikistan,200,,https://pepperoni.tatar/export/tajikistan,"index, follow","index, follow",ru,yes,
https://pepperoni.tatar/export/uae,200,,https://pepperoni.tatar/export/uae,"index, follow","index, follow",ru,yes,
https://pepperoni.tatar/export/yemen,200,,https://pepperoni.tatar/export/yemen,"index, follow","index, follow",ru,yes,
https://pepperoni.tatar/products,200,,https://pepperoni.tatar/products,"index, follow","index, follow",ru,yes,
https://api.pepperoni.tatar/api/products,200,,,,,,n.a.,
https://api.pepperoni.tatar/products.json,200,,,,,,n.a.,
https://api.pepperoni.tatar/llms.txt,403,,,,"index, follow",,n.a.,expected 200
https://api.pepperoni.tatar/openapi.yaml,403,,,,"index, follow",,n.a.,expected 200
https://api.pepperoni.tatar/.well-known/ai-plugin.json,403,,,,"index, follow",,n.a.,expected 200
https://api.pepperoni.tatar/robots.txt,403,,,,"index, follow",,n.a.,expected 200
https://api.pepperoni.tatar/,403,,,,"index, follow",,n.a.,api host must 301 to pepperoni.tatar
https://api.pepperoni.tatar/about,301,https://pepperoni.tatar/about,,,noindex,,n.a.,
https://api.pepperoni.tatar/pepperoni,301,https://pepperoni.tatar/pepperoni,,,noindex,,n.a.,
https://api.pepperoni.tatar/products/kd-001,301,https://pepperoni.tatar/products/kd-001,,,noindex,,n.a.,
https://api.pepperoni.tatar/en/,301,https://pepperoni.tatar/en/,,,noindex,,n.a.,
