week_start,week_end,complete_week,clicks_total,impressions_total,clicks_blog,clicks_product,clicks_hub,clicks_home,clicks_export,clicks_geo_retired,clicks_en_urls,clicks_ru_and_other_urls,query_clicks_brand,query_clicks_nonbrand,leads_confirmed,source,filters,gaps
2026-06-01,2026-06-07,yes,74,4708,5,7,4,6,0,52,9,65,1,7,n.a.,"GSC Search Analytics API, sc-domain:pepperoni.tatar, type=web","all countries, all devices; brand = query matches 'казанские деликатесы|kazan delicacies|pepperoni.tatar'","query dims drop anonymised long-tail (query clicks < page clicks); Yandex not included (Webmaster API token fixed 2026-09-09, history pending); leads: no trustworthy series before analytics change 2026-09-09; "
2026-06-08,2026-06-14,yes,86,6660,8,1,8,1,1,67,12,74,0,3,n.a.,"GSC Search Analytics API, sc-domain:pepperoni.tatar, type=web","all countries, all devices; brand = query matches 'казанские деликатесы|kazan delicacies|pepperoni.tatar'","query dims drop anonymised long-tail (query clicks < page clicks); Yandex not included (Webmaster API token fixed 2026-09-09, history pending); leads: no trustworthy series before analytics change 2026-09-09; "
2026-06-15,2026-06-21,yes,96,7249,17,3,7,4,2,63,19,77,1,2,n.a.,"GSC Search Analytics API, sc-domain:pepperoni.tatar, type=web","all countries, all devices; brand = query matches 'казанские деликатесы|kazan delicacies|pepperoni.tatar'","query dims drop anonymised long-tail (query clicks < page clicks); Yandex not included (Webmaster API token fixed 2026-09-09, history pending); leads: no trustworthy series before analytics change 2026-09-09; "
2026-06-22,2026-06-28,yes,108,8496,16,7,6,5,11,63,32,76,1,2,n.a.,"GSC Search Analytics API, sc-domain:pepperoni.tatar, type=web","all countries, all devices; brand = query matches 'казанские деликатесы|kazan delicacies|pepperoni.tatar'","query dims drop anonymised long-tail (query clicks < page clicks); Yandex not included (Webmaster API token fixed 2026-09-09, history pending); leads: no trustworthy series before analytics change 2026-09-09; "
2026-06-29,2026-07-05,yes,149,7674,18,4,16,10,2,99,26,123,2,6,n.a.,"GSC Search Analytics API, sc-domain:pepperoni.tatar, type=web","all countries, all devices; brand = query matches 'казанские деликатесы|kazan delicacies|pepperoni.tatar'","query dims drop anonymised long-tail (query clicks < page clicks); Yandex not included (Webmaster API token fixed 2026-09-09, history pending); leads: no trustworthy series before analytics change 2026-09-09; "
2026-07-06,2026-07-12,yes,126,7139,19,5,9,6,2,85,28,98,0,4,n.a.,"GSC Search Analytics API, sc-domain:pepperoni.tatar, type=web","all countries, all devices; brand = query matches 'казанские деликатесы|kazan delicacies|pepperoni.tatar'","query dims drop anonymised long-tail (query clicks < page clicks); Yandex not included (Webmaster API token fixed 2026-09-09, history pending); leads: no trustworthy series before analytics change 2026-09-09; "
2026-07-13,2026-07-19,yes,91,5956,8,4,8,2,1,68,21,70,0,3,n.a.,"GSC Search Analytics API, sc-domain:pepperoni.tatar, type=web","all countries, all devices; brand = query matches 'казанские деликатесы|kazan delicacies|pepperoni.tatar'","query dims drop anonymised long-tail (query clicks < page clicks); Yandex not included (Webmaster API token fixed 2026-09-09, history pending); leads: no trustworthy series before analytics change 2026-09-09; "
2026-07-20,2026-07-26,yes,95,5192,11,3,6,3,1,71,20,75,0,3,n.a.,"GSC Search Analytics API, sc-domain:pepperoni.tatar, type=web","all countries, all devices; brand = query matches 'казанские деликатесы|kazan delicacies|pepperoni.tatar'","query dims drop anonymised long-tail (query clicks < page clicks); Yandex not included (Webmaster API token fixed 2026-09-09, history pending); leads: no trustworthy series before analytics change 2026-09-09; "
2026-07-27,2026-08-02,yes,82,6304,15,2,10,2,2,51,13,69,0,3,n.a.,"GSC Search Analytics API, sc-domain:pepperoni.tatar, type=web","all countries, all devices; brand = query matches 'казанские деликатесы|kazan delicacies|pepperoni.tatar'","query dims drop anonymised long-tail (query clicks < page clicks); Yandex not included (Webmaster API token fixed 2026-09-09, history pending); leads: no trustworthy series before analytics change 2026-09-09; "
2026-08-03,2026-08-09,yes,58,6036,14,1,8,2,1,32,15,43,1,3,n.a.,"GSC Search Analytics API, sc-domain:pepperoni.tatar, type=web","all countries, all devices; brand = query matches 'казанские деликатесы|kazan delicacies|pepperoni.tatar'","query dims drop anonymised long-tail (query clicks < page clicks); Yandex not included (Webmaster API token fixed 2026-09-09, history pending); leads: no trustworthy series before analytics change 2026-09-09; "
2026-08-10,2026-08-16,yes,53,4940,18,2,4,9,0,20,4,49,0,4,n.a.,"GSC Search Analytics API, sc-domain:pepperoni.tatar, type=web","all countries, all devices; brand = query matches 'казанские деликатесы|kazan delicacies|pepperoni.tatar'","query dims drop anonymised long-tail (query clicks < page clicks); Yandex not included (Webmaster API token fixed 2026-09-09, history pending); leads: no trustworthy series before analytics change 2026-09-09; "
2026-08-17,2026-08-23,yes,58,4688,14,2,8,3,2,29,9,49,0,1,n.a.,"GSC Search Analytics API, sc-domain:pepperoni.tatar, type=web","all countries, all devices; brand = query matches 'казанские деликатесы|kazan delicacies|pepperoni.tatar'","query dims drop anonymised long-tail (query clicks < page clicks); Yandex not included (Webmaster API token fixed 2026-09-09, history pending); leads: no trustworthy series before analytics change 2026-09-09; "
2026-08-24,2026-08-30,yes,45,4737,8,0,8,4,0,25,5,40,0,0,n.a.,"GSC Search Analytics API, sc-domain:pepperoni.tatar, type=web","all countries, all devices; brand = query matches 'казанские деликатесы|kazan delicacies|pepperoni.tatar'","query dims drop anonymised long-tail (query clicks < page clicks); Yandex not included (Webmaster API token fixed 2026-09-09, history pending); leads: no trustworthy series before analytics change 2026-09-09; "
2026-08-31,2026-09-06,yes,50,4038,15,2,9,7,4,13,9,41,1,5,n.a.,"GSC Search Analytics API, sc-domain:pepperoni.tatar, type=web","all countries, all devices; brand = query matches 'казанские деликатесы|kazan delicacies|pepperoni.tatar'","query dims drop anonymised long-tail (query clicks < page clicks); Yandex not included (Webmaster API token fixed 2026-09-09, history pending); leads: no trustworthy series before analytics change 2026-09-09; "
