id	title	description	link	image_link	additional_image_link	availability	price	sale_price	brand	gtin	mpn	condition	identifier_exists	google_product_category	product_type	shipping_weight	multipack	is_bundle	age_group	adult	country_of_origin	manufacturer	custom_label_0	custom_label_1	custom_label_2	custom_label_3	custom_label_4
KD-001	"Halal ""Beef"" Sausages (80g × 6 pcs) — Kazan Delicacies"	"Halal ""Beef"" Sausages (80g × 6 pcs) — Kazan Delicacies. SKU: KD-001. Article: 999969. Catalog classification: Frozen Products / Grill Sausages for Hot Dogs. Net weight: 0.48 kg. Package type: Вакуум. Shelf life: 360 суток. Storage: –18°C. Diameter: 24 mm. Casing: без оболочки. HS code: 160100. Manufacturer: Kazan Delicacies LLC, Kazan, Russia. Halal certificate DUM RT No. 614A/2024. Current availability, commercial terms, destination requirements and supporting documents are confirmed for the selected SKU on request."	https://pepperoni.tatar/en/products/kd-001	https://pepperoni.tatar/images/products/kd-001-main.jpg?v=2a0a28ae	https://pepperoni.tatar/images/products/kd-001-pack.jpg?v=d62ce70b,https://pepperoni.tatar/images/products/kd-001-slice.jpg?v=517e6c32	in_stock	290.00 RUB		Kazan Delicacies	4680638720608	999969	new	yes	5740	"Frozen Products > Grill Sausages for Hot Dogs > Halal ""Beef"" Sausages (80g × 6 pcs) — Kazan Delicacies"	0.480 kg		no	adult	no	RU	Kazan Delicacies	halal	frozen	Grill Sausages for Hot Dogs	Vacuum-packed	halal-#614A/2024
KD-002	Halal Turkey and Chicken Sausages (80 g × 6 pcs) — Kazan Delicacies	Halal Turkey and Chicken Sausages (80 g × 6 pcs) — Kazan Delicacies. SKU: KD-002. Article: 999880. Catalog classification: Frozen Products / Grill Sausages for Hot Dogs. Net weight: 0.48 kg. Package type: Вакуум. Shelf life: 360 суток. Storage: –18°C. Diameter: 24 mm. Casing: без оболочки. HS code: 160100. Manufacturer: Kazan Delicacies LLC, Kazan, Russia. Halal certificate DUM RT No. 614A/2024. Current availability, commercial terms, destination requirements and supporting documents are confirmed for the selected SKU on request.	https://pepperoni.tatar/en/products/kd-002	https://pepperoni.tatar/images/products/kd-002-main.jpg?v=a9a9cbd6	https://pepperoni.tatar/images/products/kd-002-pack.jpg?v=977edba3,https://pepperoni.tatar/images/products/kd-002-slice.jpg?v=02299761	in_stock	286.00 RUB		Kazan Delicacies	4680638720622	999880	new	yes	5740	Frozen Products > Grill Sausages for Hot Dogs > Halal Turkey and Chicken Sausages (80 g × 6 pcs) — Kazan Delicacies	0.480 kg		no	adult	no	RU	Kazan Delicacies	halal	frozen	Grill Sausages for Hot Dogs	Vacuum-packed	halal-#614A/2024
KD-003	Halal Sausages with Gouda cheese and a mixture of three peppers (80 g × 6 pcs) — Kazan Delicacies	Halal Sausages with Gouda cheese and a mixture of three peppers (80 g × 6 pcs) — Kazan Delicacies. SKU: KD-003. Article: 999883. Catalog classification: Frozen Products / Grill Sausages for Hot Dogs. Net weight: 0.48 kg. Package type: Вакуум. Shelf life: 360 суток. Storage: –18°C. Diameter: 24 mm. Casing: без оболочки. HS code: 160100. Manufacturer: Kazan Delicacies LLC, Kazan, Russia. Halal certificate DUM RT No. 614A/2024. Current availability, commercial terms, destination requirements and supporting documents are confirmed for the selected SKU on request.	https://pepperoni.tatar/en/products/kd-003	https://pepperoni.tatar/images/products/kd-003-main.jpg?v=773139fa	https://pepperoni.tatar/images/products/kd-003-pack.jpg?v=52538cc1,https://pepperoni.tatar/images/products/kd-003-slice.jpg?v=02299761	in_stock	316.00 RUB		Kazan Delicacies	4680638720646	999883	new	yes	5740	Frozen Products > Grill Sausages for Hot Dogs > Halal Sausages with Gouda cheese and a mixture of three peppers (80 g × 6 pcs) — Kazan Delicacies	0.480 kg		no	adult	no	RU	Kazan Delicacies	halal	frozen	Grill Sausages for Hot Dogs	Vacuum-packed	halal-#614A/2024
KD-004	Halal Chicken Sausages (80 g × 6 pieces) — Kazan Delicacies	Halal Chicken Sausages (80 g × 6 pieces) — Kazan Delicacies. SKU: KD-004. Article: 800049. Catalog classification: Frozen Products / Grill Sausages for Hot Dogs. Net weight: 0.48 kg. Package type: Вакуум. Shelf life: 360 суток. Storage: –18°C. Diameter: 24 mm. Casing: без оболочки. HS code: 160100. Manufacturer: Kazan Delicacies LLC, Kazan, Russia. Halal certificate DUM RT No. 614A/2024. Current availability, commercial terms, destination requirements and supporting documents are confirmed for the selected SKU on request.	https://pepperoni.tatar/en/products/kd-004	https://pepperoni.tatar/images/products/kd-004-main.jpg?v=f67020c2	https://pepperoni.tatar/images/products/kd-004-pack.jpg?v=9ecbea4f,https://pepperoni.tatar/images/products/kd-004-slice.jpg?v=02299761	in_stock	286.00 RUB		Kazan Delicacies	4680638720431	800049	new	yes	5740	Frozen Products > Grill Sausages for Hot Dogs > Halal Chicken Sausages (80 g × 6 pieces) — Kazan Delicacies	0.480 kg		no	adult	no	RU	Kazan Delicacies	halal	frozen	Grill Sausages for Hot Dogs	Vacuum-packed	halal-#614A/2024
KD-005	Halal Lamb sausages (80 g × 6 pcs) — Kazan Delicacies	Halal Lamb sausages (80 g × 6 pcs) — Kazan Delicacies. SKU: KD-005. Article: 999969. Catalog classification: Frozen Products / Grill Sausages for Hot Dogs. Net weight: 0.48 kg. Package type: Вакуум. Shelf life: 360 суток. Storage: –18°C. Diameter: 24 mm. Casing: без оболочки. HS code: 160100. Manufacturer: Kazan Delicacies LLC, Kazan, Russia. Halal certificate DUM RT No. 614A/2024. Current availability, commercial terms, destination requirements and supporting documents are confirmed for the selected SKU on request.	https://pepperoni.tatar/en/products/kd-005	https://pepperoni.tatar/images/products/kd-005-main.jpg?v=ab871483	https://pepperoni.tatar/images/products/kd-005-pack.jpg?v=6992f4b4,https://pepperoni.tatar/images/products/kd-005-slice.jpg?v=02299761	in_stock	366.00 RUB		Kazan Delicacies	4680638720950	999969	new	yes	5740	Frozen Products > Grill Sausages for Hot Dogs > Halal Lamb sausages (80 g × 6 pcs) — Kazan Delicacies	0.480 kg		no	adult	no	RU	Kazan Delicacies	halal	frozen	Grill Sausages for Hot Dogs	Vacuum-packed	halal-#614A/2024
KD-006	Halal Hot Dog Grill Sausages with Herbs (130 g × 5 pcs) — Kazan Delicacies	Halal Hot Dog Grill Sausages with Herbs (130 g × 5 pcs) — Kazan Delicacies. SKU: KD-006. Article: 999970. Catalog classification: Frozen Products / Grill Sausages for Hot Dogs. Net weight: 0.65 kg. Package type: Вакуум. Shelf life: 360 суток. Storage: –18°C. Diameter: 24 mm. Casing: без оболочки. HS code: 160100. Manufacturer: Kazan Delicacies LLC, Kazan, Russia. Halal certificate DUM RT No. 614A/2024. Current availability, commercial terms, destination requirements and supporting documents are confirmed for the selected SKU on request.	https://pepperoni.tatar/en/products/kd-006	https://pepperoni.tatar/images/products/kd-006-main.jpg?v=866fa4f8	https://pepperoni.tatar/images/products/kd-006-pack.jpg?v=424b65a2,https://pepperoni.tatar/images/products/kd-006-slice.jpg?v=5a0e9726	in_stock	424.00 RUB		Kazan Delicacies	4680638720936	999970	new	yes	5740	Frozen Products > Grill Sausages for Hot Dogs > Halal Hot Dog Grill Sausages with Herbs (130 g × 5 pcs) — Kazan Delicacies	0.650 kg		no	adult	no	RU	Kazan Delicacies	halal	frozen	Grill Sausages for Hot Dogs	Vacuum-packed	halal-#614A/2024
KD-007	Halal Hot Dog Grill Sausages with Cheese (130 g × 5 pcs) — Kazan Delicacies	Halal Hot Dog Grill Sausages with Cheese (130 g × 5 pcs) — Kazan Delicacies. SKU: KD-007. Article: 999982. Catalog classification: Frozen Products / Grill Sausages for Hot Dogs. Net weight: 0.65 kg. Package type: Вакуум. Shelf life: 360 суток. Storage: –18°C. Diameter: 24 mm. Casing: без оболочки. HS code: 160100. Manufacturer: Kazan Delicacies LLC, Kazan, Russia. Halal certificate DUM RT No. 614A/2024. Current availability, commercial terms, destination requirements and supporting documents are confirmed for the selected SKU on request.	https://pepperoni.tatar/en/products/kd-007	https://pepperoni.tatar/images/products/kd-007-main.jpg?v=dd2f328f	https://pepperoni.tatar/images/products/kd-007-pack.jpg?v=1ef0d1d8,https://pepperoni.tatar/images/products/kd-007-slice.jpg?v=5a0e9726	in_stock	455.00 RUB		Kazan Delicacies	4680638720943	999982	new	yes	5740	Frozen Products > Grill Sausages for Hot Dogs > Halal Hot Dog Grill Sausages with Cheese (130 g × 5 pcs) — Kazan Delicacies	0.650 kg		no	adult	no	RU	Kazan Delicacies	halal	frozen	Grill Sausages for Hot Dogs	Vacuum-packed	halal-#614A/2024
KD-008	Halal Horse Meat Grill Sausages (80 g × 6 pcs) — Kazan Delicacies	Halal Horse Meat Grill Sausages (80 g × 6 pcs) — Kazan Delicacies. SKU: KD-008. Article: 999888. Catalog classification: Frozen Products / Grill Sausages for Hot Dogs. Net weight: 0.48 kg. Package type: Вакуум. Shelf life: 360 суток. Storage: –18°C. Diameter: 24 mm. Casing: без оболочки. HS code: 160100. Manufacturer: Kazan Delicacies LLC, Kazan, Russia. Halal certificate DUM RT No. 614A/2024. Current availability, commercial terms, destination requirements and supporting documents are confirmed for the selected SKU on request.	https://pepperoni.tatar/en/products/kd-008	https://pepperoni.tatar/images/products/kd-008-main.jpg?v=2a0a28ae		in_stock	316.00 RUB		Kazan Delicacies	4680638721452	999888	new	yes	5740	Frozen Products > Grill Sausages for Hot Dogs > Halal Horse Meat Grill Sausages (80 g × 6 pcs) — Kazan Delicacies	0.480 kg		no	adult	no	RU	Kazan Delicacies	halal	frozen	Grill Sausages for Hot Dogs	Vacuum-packed	halal-#614A/2024
KD-009	Juicy halal patty made from selected beef and chicken thigh fillet, seasoned only with salt and ground black pepper. The delicate structure of the chi	Juicy halal patty made from selected beef and chicken thigh fillet, seasoned only with salt and ground black pepper. The delicate structure of the chi. SKU: KD-009. Article: 800041. Catalog classification: Frozen Products / Burger Patties. Net weight: 0.3 kg. Package type: Вакуум. Shelf life: 360 суток. Storage: –18°C. Casing: без оболочки. Manufacturer: Kazan Delicacies LLC, Kazan, Russia. Halal certificate DUM RT No. 614A/2024. Current availability, commercial terms, destination requirements and supporting documents are confirmed for the selected SKU on request.	https://pepperoni.tatar/en/products/kd-009	https://pepperoni.tatar/images/products/kd-009-main.jpg?v=5346141e	https://pepperoni.tatar/images/products/kd-009-pack.jpg?v=6cce804f	in_stock	276.00 RUB		Kazan Delicacies	4620016152911	800041	new	yes	420	Frozen Products > Burger Patties > Juicy halal patty made from selected beef and chicken thigh fillet, seasoned only with salt and ground black pepper. The delicate structure of the chi	0.300 kg		no	adult	no	RU	Kazan Delicacies	halal	frozen	Burger Patties	Vacuum-packed	halal-#614A/2024
KD-010	Juicy halal patty made from selected beef and chicken thigh fillet, seasoned only with salt and ground black pepper. The delicate structure of the chi	Juicy halal patty made from selected beef and chicken thigh fillet, seasoned only with salt and ground black pepper. The delicate structure of the chi. SKU: KD-010. Article: 800043. Catalog classification: Frozen Products / Burger Patties. Net weight: 0.3 kg. Package type: Вакуум. Shelf life: 360 суток. Storage: –18°C. Casing: без оболочки. Manufacturer: Kazan Delicacies LLC, Kazan, Russia. Halal certificate DUM RT No. 614A/2024. Current availability, commercial terms, destination requirements and supporting documents are confirmed for the selected SKU on request.	https://pepperoni.tatar/en/products/kd-010	https://pepperoni.tatar/images/products/kd-010-main.jpg?v=7c5b42da	https://pepperoni.tatar/images/products/kd-010-pack.jpg?v=98d7583f	in_stock	276.00 RUB		Kazan Delicacies	4620016152911	800043	new	yes	420	Frozen Products > Burger Patties > Juicy halal patty made from selected beef and chicken thigh fillet, seasoned only with salt and ground black pepper. The delicate structure of the chi	0.300 kg		no	adult	no	RU	Kazan Delicacies	halal	frozen	Burger Patties	Vacuum-packed	halal-#614A/2024
KD-011	Halal Sliced Chicken Ham 0.5 kg — Kazan Delicacies	Halal Sliced Chicken Ham 0.5 kg — Kazan Delicacies. SKU: KD-011. Article: 995009. Catalog classification: Frozen Products / Toppings. Net weight: 0.5 kg. Shelf life: 30 суток. Storage: 0-6 ˚C. HS code: 160100. Manufacturer: Kazan Delicacies LLC, Kazan, Russia. Halal certificate DUM RT No. 614A/2024. Current availability, commercial terms, destination requirements and supporting documents are confirmed for the selected SKU on request.	https://pepperoni.tatar/en/products/kd-011	https://pepperoni.tatar/images/products/kd-011-main.jpg?v=ba1ac336	https://pepperoni.tatar/images/products/kd-011-pack.jpg?v=4b8daa83,https://pepperoni.tatar/images/products/kd-011-slice.jpg?v=640348f0	in_stock	188.00 RUB		Kazan Delicacies	4680638721391	995009	new	yes	420	Frozen Products > Toppings > Halal Sliced Chicken Ham 0.5 kg — Kazan Delicacies	0.500 kg		no	adult	no	RU	Kazan Delicacies	halal	frozen	Toppings		halal-#614A/2024
KD-013	Halal Cooked-smoked chicken pepperoni 0.5 kg — Kazan Delicacies	Halal Cooked-smoked chicken pepperoni 0.5 kg — Kazan Delicacies. SKU: KD-013. Catalog classification: Frozen Products / Toppings. Net weight: 0.5 kg. Shelf life: 360 суток. Storage: –18°C. Diameter: 50-55 mm. HS code: 160100. Manufacturer: Kazan Delicacies LLC, Kazan, Russia. Halal certificate DUM RT No. 614A/2024. Current availability, commercial terms, destination requirements and supporting documents are confirmed for the selected SKU on request.	https://pepperoni.tatar/en/products/kd-013	https://pepperoni.tatar/images/products/kd-013-main.jpg?v=ead0a132	https://pepperoni.tatar/images/products/kd-013-pack.jpg?v=74fb72be,https://pepperoni.tatar/images/products/kd-013-slice.jpg?v=bc0061ef	in_stock	274.00 RUB		Kazan Delicacies	4680638720318	KD-013	new	yes	420	Frozen Products > Toppings > Halal Cooked-smoked chicken pepperoni 0.5 kg — Kazan Delicacies	0.500 kg		no	adult	no	RU	Kazan Delicacies	halal	frozen	Toppings		halal-#614A/2024
KD-014	Halal Cooked-smoked chicken pepperoni whole stick 1 kg — Kazan Delicacies	Halal Cooked-smoked chicken pepperoni whole stick 1 kg — Kazan Delicacies. SKU: KD-014. Catalog classification: Frozen Products / Toppings. Net weight: 0.8 kg. Shelf life: 360 суток. Storage: –18°C. Diameter: 50-55 mm. HS code: 160100. Manufacturer: Kazan Delicacies LLC, Kazan, Russia. Halal certificate DUM RT No. 614A/2024. Current availability, commercial terms, destination requirements and supporting documents are confirmed for the selected SKU on request.	https://pepperoni.tatar/en/products/kd-014	https://pepperoni.tatar/images/products/kd-014-main.jpg?v=0a4688a0	https://pepperoni.tatar/images/products/kd-014-pack.jpg?v=ff0e301b,https://pepperoni.tatar/images/products/kd-014-slice.jpg?v=bc0061ef	in_stock	457.00 RUB		Kazan Delicacies	4680638720462	KD-014	new	yes	420	Frozen Products > Toppings > Halal Cooked-smoked chicken pepperoni whole stick 1 kg — Kazan Delicacies	0.800 kg		no	adult	no	RU	Kazan Delicacies	halal	frozen	Toppings		halal-#614A/2024
KD-015	Halal Cooked-smoked chicken breast 1 kg — Kazan Delicacies	Halal Cooked-smoked chicken breast 1 kg — Kazan Delicacies. SKU: KD-015. Catalog classification: Frozen Products / Toppings. Net weight: 1 kg. Shelf life: 30 суток. Storage: 0-6 ˚C. HS code: 160100. Manufacturer: Kazan Delicacies LLC, Kazan, Russia. Halal certificate DUM RT No. 614A/2024. Current availability, commercial terms, destination requirements and supporting documents are confirmed for the selected SKU on request.	https://pepperoni.tatar/en/products/kd-015	https://pepperoni.tatar/images/products/kd-015-main.jpg?v=5f3dbc90	https://pepperoni.tatar/images/products/kd-015-pack.jpg?v=cb9dceda	in_stock	412.00 RUB		Kazan Delicacies	4680638720615	KD-015	new	yes	420	Frozen Products > Toppings > Halal Cooked-smoked chicken breast 1 kg — Kazan Delicacies	1.000 kg		no	adult	no	RU	Kazan Delicacies	halal	frozen	Toppings		halal-#614A/2024
KD-018	Halal Breakfast sausages skinless for pastry wrap 45 g — Kazan Delicacies	Halal Breakfast sausages skinless for pastry wrap 45 g — Kazan Delicacies. SKU: KD-018. Catalog classification: Refrigerated Products / Sausages & Frankfurters. Net weight: 2 kg. Shelf life: 30 суток. Storage: 0-6 ˚C. Casing: без оболоччки. HS code: 160100. Manufacturer: Kazan Delicacies LLC, Kazan, Russia. Halal certificate DUM RT No. 614A/2024. Current availability, commercial terms, destination requirements and supporting documents are confirmed for the selected SKU on request.	https://pepperoni.tatar/en/products/kd-018	https://pepperoni.tatar/images/products/kd-018-main.jpg?v=c5791103	https://pepperoni.tatar/images/products/kd-018-pack.jpg?v=d59e38ba,https://pepperoni.tatar/images/products/kd-018-slice.jpg?v=6dcaedab	in_stock	245.00 RUB		Kazan Delicacies	4680638720585	KD-018	new	yes	5740	Refrigerated Products > Sausages & Frankfurters > Halal Breakfast sausages skinless for pastry wrap 45 g — Kazan Delicacies	2.000 kg		no	adult	no	RU	Kazan Delicacies	halal	refrigerated	Sausages & Frankfurters		halal-#614A/2024
KD-017	Halal Breakfast Sausages (80 g × 6 pcs) — Kazan Delicacies	Halal Breakfast Sausages (80 g × 6 pcs) — Kazan Delicacies. SKU: KD-017. Article: 999921. Catalog classification: Refrigerated Products / Sausages & Frankfurters. Net weight: 0.4 kg. Shelf life: 30 суток. Storage: 0-6 ˚C. Diameter: 0 mm. Casing: есть. HS code: 160100. Manufacturer: Kazan Delicacies LLC, Kazan, Russia. Halal certificate DUM RT No. 614A/2024. Current availability, commercial terms, destination requirements and supporting documents are confirmed for the selected SKU on request.	https://pepperoni.tatar/en/products/kd-017	https://pepperoni.tatar/images/products/kd-017-main.jpg?v=b494e1b2	https://pepperoni.tatar/images/products/kd-017-slice.jpg?v=6dcaedab	in_stock	135.00 RUB		Kazan Delicacies	4680638720578	999921	new	yes	5740	Refrigerated Products > Sausages & Frankfurters > Halal Breakfast Sausages (80 g × 6 pcs) — Kazan Delicacies	0.400 kg		no	adult	no	RU	Kazan Delicacies	halal	refrigerated	Sausages & Frankfurters		halal-#614A/2024
KD-019	Halal Delicate Sausages (80 g × 6 pcs) — Kazan Delicacies	Halal Delicate Sausages (80 g × 6 pcs) — Kazan Delicacies. SKU: KD-019. Article: 999976. Catalog classification: Refrigerated Products / Sausages & Frankfurters. Net weight: 0.4 kg. Shelf life: 30 суток. Storage: 0-6 ˚C. Casing: есть. HS code: 160100. Manufacturer: Kazan Delicacies LLC, Kazan, Russia. Halal certificate DUM RT No. 614A/2024. Current availability, commercial terms, destination requirements and supporting documents are confirmed for the selected SKU on request.	https://pepperoni.tatar/en/products/kd-019	https://pepperoni.tatar/images/products/kd-019-main.jpg?v=ec984c90	https://pepperoni.tatar/images/products/kd-019-slice.jpg?v=f604bdc6	in_stock	181.00 RUB		Kazan Delicacies	4680638720035	999976	new	yes	5740	Refrigerated Products > Sausages & Frankfurters > Halal Delicate Sausages (80 g × 6 pcs) — Kazan Delicacies	0.400 kg		no	adult	no	RU	Kazan Delicacies	halal	refrigerated	Sausages & Frankfurters		halal-#614A/2024
KD-020	Halal Kazan's Sausages with Milk for Breakfasts, Hot Dishes, and HORECA - Chilled — Kazan Delicacies	Halal Kazan's Sausages with Milk for Breakfasts, Hot Dishes, and HORECA - Chilled — Kazan Delicacies. SKU: KD-020. Article: 999978. Catalog classification: Refrigerated Products / Sausages & Frankfurters. Net weight: 0.4 kg. Shelf life: 30 суток. Storage: 0-6 ˚C. Casing: есть. HS code: 160100. Manufacturer: Kazan Delicacies LLC, Kazan, Russia. Halal certificate DUM RT No. 614A/2024. Current availability, commercial terms, destination requirements and supporting documents are confirmed for the selected SKU on request.	https://pepperoni.tatar/en/products/kd-020	https://pepperoni.tatar/images/products/kd-020-main.jpg?v=d4914aed	https://pepperoni.tatar/images/products/kd-020-pack.jpg?v=b0764067	in_stock	235.00 RUB		Kazan Delicacies	4680638720059	999978	new	yes	5740	Refrigerated Products > Sausages & Frankfurters > Halal Kazan's Sausages with Milk for Breakfasts, Hot Dishes, and HORECA - Chilled — Kazan Delicacies	0.400 kg		no	adult	no	RU	Kazan Delicacies	halal	refrigerated	Sausages & Frankfurters		halal-#614A/2024
KD-021	"Halal Sausages ""With Cheese"" (130 g × 5 pieces) — Kazan Delicacies"	"Halal Sausages ""With Cheese"" (130 g × 5 pieces) — Kazan Delicacies. SKU: KD-021. Article: 999975. Catalog classification: Refrigerated Products / Sausages & Frankfurters. Net weight: 0.4 kg. Shelf life: 30 суток. Storage: 0-6 ˚C. Casing: есть. HS code: 160100. Manufacturer: Kazan Delicacies LLC, Kazan, Russia. Halal certificate DUM RT No. 614A/2024. Current availability, commercial terms, destination requirements and supporting documents are confirmed for the selected SKU on request."	https://pepperoni.tatar/en/products/kd-021	https://pepperoni.tatar/images/products/kd-021-main.jpg?v=035fd35d	https://pepperoni.tatar/images/products/kd-021-pack.jpg?v=2b701481,https://pepperoni.tatar/images/products/kd-021-slice.jpg?v=23b3d285	in_stock	293.00 RUB		Kazan Delicacies	4680638720073	999975	new	yes	5740	"Refrigerated Products > Sausages & Frankfurters > Halal Sausages ""With Cheese"" (130 g × 5 pieces) — Kazan Delicacies"	0.400 kg		no	adult	no	RU	Kazan Delicacies	halal	refrigerated	Sausages & Frankfurters		halal-#614A/2024
KD-022	Halal Beef sausages for breakfast, hot dogs, and HORECA — chilled (0.4 kg) — Kazan Delicacies	Halal Beef sausages for breakfast, hot dogs, and HORECA — chilled (0.4 kg) — Kazan Delicacies. SKU: KD-022. Article: 999980. Catalog classification: Refrigerated Products / Sausages & Frankfurters. Net weight: 0.4 kg. Shelf life: 30 суток. Storage: 0-6 ˚C. Casing: есть. HS code: 160100. Manufacturer: Kazan Delicacies LLC, Kazan, Russia. Halal certificate DUM RT No. 614A/2024. Current availability, commercial terms, destination requirements and supporting documents are confirmed for the selected SKU on request.	https://pepperoni.tatar/en/products/kd-022	https://pepperoni.tatar/images/products/kd-022-main.jpg?v=d309cae9	https://pepperoni.tatar/images/products/kd-022-slice.jpg?v=0814dbbf	in_stock	284.00 RUB		Kazan Delicacies	4680638720097	999980	new	yes	5740	Refrigerated Products > Sausages & Frankfurters > Halal Beef sausages for breakfast, hot dogs, and HORECA — chilled (0.4 kg) — Kazan Delicacies	0.400 kg		no	adult	no	RU	Kazan Delicacies	halal	refrigerated	Sausages & Frankfurters		halal-#614A/2024
KD-023	Halal Chicken thigh fillet 1x1 cm cubes — Kazan Delicacies	Halal Chicken thigh fillet 1x1 cm cubes — Kazan Delicacies. SKU: KD-023. Article: 995001. Catalog classification: Refrigerated Products / Sausages & Frankfurters. Net weight: 0.4 kg. Shelf life: 30 суток. Storage: 0-6 ˚C. Casing: есть. HS code: 160100. Manufacturer: Kazan Delicacies LLC, Kazan, Russia. Halal certificate DUM RT No. 614A/2024. Current availability, commercial terms, destination requirements and supporting documents are confirmed for the selected SKU on request.	https://pepperoni.tatar/en/products/kd-023	https://pepperoni.tatar/images/products/kd-023-main.jpg?v=af801b47	https://pepperoni.tatar/images/products/kd-023-pack.jpg?v=31c50f56,https://pepperoni.tatar/images/products/kd-023-slice.jpg?v=9411fbae	in_stock	146.00 RUB		Kazan Delicacies	4680638721407	995001	new	yes	5740	Refrigerated Products > Sausages & Frankfurters > Halal Chicken thigh fillet 1x1 cm cubes — Kazan Delicacies	0.400 kg		no	adult	no	RU	Kazan Delicacies	halal	refrigerated	Sausages & Frankfurters		halal-#614A/2024
KD-024	Halal Chicken breast fillet cubes 1x1 cm — Kazan Delicacies	Halal Chicken breast fillet cubes 1x1 cm — Kazan Delicacies. SKU: KD-024. Article: 995002. Catalog classification: Refrigerated Products / Sausages & Frankfurters. Net weight: 0.4 kg. Shelf life: 30 суток. Storage: 0-6 ˚C. Casing: есть. HS code: 160100. Manufacturer: Kazan Delicacies LLC, Kazan, Russia. Halal certificate DUM RT No. 614A/2024. Current availability, commercial terms, destination requirements and supporting documents are confirmed for the selected SKU on request.	https://pepperoni.tatar/en/products/kd-024	https://pepperoni.tatar/images/products/kd-024-main.jpg?v=804a83c7	https://pepperoni.tatar/images/products/kd-024-slice.jpg?v=b813f517	in_stock	144.00 RUB		Kazan Delicacies	4680638721414	995002	new	yes	5740	Refrigerated Products > Sausages & Frankfurters > Halal Chicken breast fillet cubes 1x1 cm — Kazan Delicacies	0.400 kg		no	adult	no	RU	Kazan Delicacies	halal	refrigerated	Sausages & Frankfurters		halal-#614A/2024
KD-035	"Halal Sausages ""With Cheese"" (330 g) — Kazan Delicacies"	"Halal Sausages ""With Cheese"" (330 g) — Kazan Delicacies. SKU: KD-035. Article: 999964. Catalog classification: Refrigerated Products / Sausages & Frankfurters. Net weight: 0.3 kg. Shelf life: 30 суток. Storage: 0-6 ˚C. HS code: 160100. Manufacturer: Kazan Delicacies LLC, Kazan, Russia. Halal certificate DUM RT No. 614A/2024. Current availability, commercial terms, destination requirements and supporting documents are confirmed for the selected SKU on request."	https://pepperoni.tatar/en/products/kd-035	https://pepperoni.tatar/images/products/kd-035-main.jpg?v=672fd6db	https://pepperoni.tatar/images/products/kd-035-slice.jpg?v=12e8def1	in_stock	271.00 RUB		Kazan Delicacies	4680638720455	999964	new	yes	5740	"Refrigerated Products > Sausages & Frankfurters > Halal Sausages ""With Cheese"" (330 g) — Kazan Delicacies"	0.300 kg		no	adult	no	RU	Kazan Delicacies	halal	refrigerated	Sausages & Frankfurters		halal-#614A/2024
KD-025	Halal Beef 1st grade diced 1x1 cm — Kazan Delicacies	Halal Beef 1st grade diced 1x1 cm — Kazan Delicacies. SKU: KD-025. Article: 999998. Catalog classification: Refrigerated Products / Boiled Sausages. Net weight: 0.5 kg. Shelf life: 30 суток. Storage: 0-6 ˚C. Casing: есть. HS code: 160100. Manufacturer: Kazan Delicacies LLC, Kazan, Russia. Halal certificate DUM RT No. 614A/2024. Current availability, commercial terms, destination requirements and supporting documents are confirmed for the selected SKU on request.	https://pepperoni.tatar/en/products/kd-025	https://pepperoni.tatar/images/products/kd-025-main.jpg?v=9c105228		in_stock	292.00 RUB		Kazan Delicacies	4680638720257	999998	new	yes	5740	Refrigerated Products > Boiled Sausages > Halal Beef 1st grade diced 1x1 cm — Kazan Delicacies	0.500 kg		no	adult	no	RU	Kazan Delicacies	halal	refrigerated	Boiled Sausages		halal-#614A/2024
KD-026	Halal Boiled Assorted Sausage (0.5 kg) — Kazan Delicacies	Halal Boiled Assorted Sausage (0.5 kg) — Kazan Delicacies. SKU: KD-026. Article: 995003. Catalog classification: Refrigerated Products / Boiled Sausages. Net weight: 0.5 kg. Shelf life: 30 суток. Storage: 0-6 ˚C. Casing: есть. HS code: 160100. Manufacturer: Kazan Delicacies LLC, Kazan, Russia. Halal certificate DUM RT No. 614A/2024. Current availability, commercial terms, destination requirements and supporting documents are confirmed for the selected SKU on request.	https://pepperoni.tatar/en/products/kd-026	https://pepperoni.tatar/og-pepperoni-en.png		in_stock	197.00 RUB		Kazan Delicacies	4680638721292	995003	new	yes	5740	Refrigerated Products > Boiled Sausages > Halal Boiled Assorted Sausage (0.5 kg) — Kazan Delicacies	0.500 kg		no	adult	no	RU	Kazan Delicacies	halal	refrigerated	Boiled Sausages		halal-#614A/2024
KD-027	Halal Sausages 'For Breakfast' without casing 45 g — Kazan Delicacies	Halal Sausages 'For Breakfast' without casing 45 g — Kazan Delicacies. SKU: KD-027. Article: 995004. Catalog classification: Refrigerated Products / Boiled Sausages. Net weight: 0.5 kg. Shelf life: 30 суток. Storage: 0-6 ˚C. Casing: есть. HS code: 160100. Manufacturer: Kazan Delicacies LLC, Kazan, Russia. Halal certificate DUM RT No. 614A/2024. Current availability, commercial terms, destination requirements and supporting documents are confirmed for the selected SKU on request.	https://pepperoni.tatar/en/products/kd-027	https://pepperoni.tatar/og-pepperoni-en.png		in_stock	200.00 RUB		Kazan Delicacies	4680638721308	995004	new	yes	5740	Refrigerated Products > Boiled Sausages > Halal Sausages 'For Breakfast' without casing 45 g — Kazan Delicacies	0.500 kg		no	adult	no	RU	Kazan Delicacies	halal	refrigerated	Boiled Sausages		halal-#614A/2024
KD-028	Juicy Premium Halal Sausages (0.5 kg) — Kazan Delicacies	Juicy Premium Halal Sausages (0.5 kg) — Kazan Delicacies. SKU: KD-028. Article: 999946. Catalog classification: Refrigerated Products / Hams. Net weight: 0.5 kg. Shelf life: 30 суток. Storage: 0-6 ˚C. HS code: 160100. Manufacturer: Kazan Delicacies LLC, Kazan, Russia. Halal certificate DUM RT No. 614A/2024. Current availability, commercial terms, destination requirements and supporting documents are confirmed for the selected SKU on request.	https://pepperoni.tatar/en/products/kd-028	https://pepperoni.tatar/images/products/kd-028-main.jpg?v=10d50419	https://pepperoni.tatar/images/products/kd-028-pack.jpg?v=766f0dc1	in_stock	380.00 RUB		Kazan Delicacies	4680638720554	999946	new	yes	431	Refrigerated Products > Hams > Juicy Premium Halal Sausages (0.5 kg) — Kazan Delicacies	0.500 kg		no	adult	no	RU	Kazan Delicacies	halal	refrigerated	Hams		halal-#614A/2024
KD-029	Buinskiye Sausages — Halal (0.5 kg) — Kazan Delicacies	Buinskiye Sausages — Halal (0.5 kg) — Kazan Delicacies. SKU: KD-029. Article: 999997. Catalog classification: Refrigerated Products / Hams. Net weight: 0.5 kg. Shelf life: 30 суток. Storage: 0-6 ˚C. HS code: 160100. Manufacturer: Kazan Delicacies LLC, Kazan, Russia. Halal certificate DUM RT No. 614A/2024. Current availability, commercial terms, destination requirements and supporting documents are confirmed for the selected SKU on request.	https://pepperoni.tatar/en/products/kd-029	https://pepperoni.tatar/images/products/kd-029-main.jpg?v=4027d1dc	https://pepperoni.tatar/images/products/kd-029-pack.jpg?v=417260e8	in_stock	398.00 RUB		Kazan Delicacies	4680638720271	999997	new	yes	431	Refrigerated Products > Hams > Buinskiye Sausages — Halal (0.5 kg) — Kazan Delicacies	0.500 kg		no	adult	no	RU	Kazan Delicacies	halal	refrigerated	Hams		halal-#614A/2024
KD-030	Halal Boiled Beef Sausage «From Beef» (0.5 kg) — Kazan Delicacies	Halal Boiled Beef Sausage «From Beef» (0.5 kg) — Kazan Delicacies. SKU: KD-030. Article: 999941. Catalog classification: Refrigerated Products / Hams. Net weight: 0.5 kg. Shelf life: 30 суток. Storage: 0-6 ˚C. HS code: 160100. Manufacturer: Kazan Delicacies LLC, Kazan, Russia. Halal certificate DUM RT No. 614A/2024. Current availability, commercial terms, destination requirements and supporting documents are confirmed for the selected SKU on request.	https://pepperoni.tatar/en/products/kd-030	https://pepperoni.tatar/images/products/kd-030-main.jpg?v=7faf7faf	https://pepperoni.tatar/images/products/kd-030-pack.jpg?v=2069a0c2	in_stock	350.00 RUB		Kazan Delicacies	4680638720547	999941	new	yes	431	Refrigerated Products > Hams > Halal Boiled Beef Sausage «From Beef» (0.5 kg) — Kazan Delicacies	0.500 kg		no	adult	no	RU	Kazan Delicacies	halal	refrigerated	Hams		halal-#614A/2024
KD-031	Assorted Halal Cooked Sausage (0.45 kg) — Kazan Delicacies	Assorted Halal Cooked Sausage (0.45 kg) — Kazan Delicacies. SKU: KD-031. Article: 999975. Catalog classification: Refrigerated Products / Smoked Meats. Net weight: 0.45 kg. Shelf life: 30 суток. Storage: 0-6 ˚C. HS code: 160100. Manufacturer: Kazan Delicacies LLC, Kazan, Russia. Halal certificate DUM RT No. 614A/2024. Current availability, commercial terms, destination requirements and supporting documents are confirmed for the selected SKU on request.	https://pepperoni.tatar/en/products/kd-031	https://pepperoni.tatar/images/products/kd-031-main.jpg?v=9bff5ec7	https://pepperoni.tatar/images/products/kd-031-pack.jpg?v=3ecde64e	in_stock	216.00 RUB		Kazan Delicacies		999975	new	no	5740	Refrigerated Products > Smoked Meats > Assorted Halal Cooked Sausage (0.45 kg) — Kazan Delicacies	0.450 kg		no	adult	no	RU	Kazan Delicacies	halal	refrigerated	Smoked Meats		halal-#614A/2024
KD-032	"Halal Servelat ""Po-Tatarski"" (450 g) — Kazan Delicacies"	"Halal Servelat ""Po-Tatarski"" (450 g) — Kazan Delicacies. SKU: KD-032. Article: 999994. Catalog classification: Refrigerated Products / Smoked Meats. Net weight: 0.45 kg. Shelf life: 30 суток. Storage: 0-6 ˚C. HS code: 160100. Manufacturer: Kazan Delicacies LLC, Kazan, Russia. Halal certificate DUM RT No. 614A/2024. Current availability, commercial terms, destination requirements and supporting documents are confirmed for the selected SKU on request."	https://pepperoni.tatar/en/products/kd-032	https://pepperoni.tatar/images/products/kd-032-main.jpg?v=a3eaf761	https://pepperoni.tatar/images/products/kd-032-pack.jpg?v=5fe9854d	in_stock	298.00 RUB		Kazan Delicacies	4680638720295	999994	new	yes	5740	"Refrigerated Products > Smoked Meats > Halal Servelat ""Po-Tatarski"" (450 g) — Kazan Delicacies"	0.450 kg		no	adult	no	RU	Kazan Delicacies	halal	refrigerated	Smoked Meats		halal-#614A/2024
KD-033	Halal Sausages Juicy 0.4 kg — Kazan Delicacies	Halal Sausages Juicy 0.4 kg — Kazan Delicacies. SKU: KD-033. Article: 999910. Catalog classification: Refrigerated Products / Smoked Meats. Net weight: 0.45 kg. Shelf life: 30 суток. Storage: 0-6 ˚C. HS code: 160100. Manufacturer: Kazan Delicacies LLC, Kazan, Russia. Halal certificate DUM RT No. 614A/2024. Current availability, commercial terms, destination requirements and supporting documents are confirmed for the selected SKU on request.	https://pepperoni.tatar/en/products/kd-033	https://pepperoni.tatar/images/products/kd-033-main.jpg?v=97c8a31d	https://pepperoni.tatar/images/products/kd-033-slice.jpg?v=4e1bae41	in_stock	348.00 RUB		Kazan Delicacies	4680638720639	999910	new	yes	5740	Refrigerated Products > Smoked Meats > Halal Sausages Juicy 0.4 kg — Kazan Delicacies	0.450 kg		no	adult	no	RU	Kazan Delicacies	halal	refrigerated	Smoked Meats		halal-#614A/2024
KD-034	Halal Buinsky Sausages 240 g — Kazan Delicacies	Halal Buinsky Sausages 240 g — Kazan Delicacies. SKU: KD-034. Article: 999961. Catalog classification: Refrigerated Products / Smoked Meats. Net weight: 0.45 kg. Shelf life: 30 суток. Storage: 0-6 ˚C. HS code: 160100. Manufacturer: Kazan Delicacies LLC, Kazan, Russia. Halal certificate DUM RT No. 614A/2024. Current availability, commercial terms, destination requirements and supporting documents are confirmed for the selected SKU on request.	https://pepperoni.tatar/en/products/kd-034	https://pepperoni.tatar/images/products/kd-034-main.jpg?v=725ebc01	https://pepperoni.tatar/images/products/kd-034-slice.jpg?v=1438cb10	in_stock	358.00 RUB		Kazan Delicacies	4680638720349	999961	new	yes	5740	Refrigerated Products > Smoked Meats > Halal Buinsky Sausages 240 g — Kazan Delicacies	0.450 kg		no	adult	no	RU	Kazan Delicacies	halal	refrigerated	Smoked Meats		halal-#614A/2024
KD-036	Halal boiled assorted meats 0.5 kg — Kazan Delicacies	Halal boiled assorted meats 0.5 kg — Kazan Delicacies. SKU: KD-036. Article: 995005. Catalog classification: Refrigerated Products / Smoked Meats. Net weight: 0.54 kg. Shelf life: 30 суток. Storage: 0-6 ˚C. HS code: 160100. Manufacturer: Kazan Delicacies LLC, Kazan, Russia. Halal certificate DUM RT No. 614A/2024. Current availability, commercial terms, destination requirements and supporting documents are confirmed for the selected SKU on request.	https://pepperoni.tatar/en/products/kd-036	https://pepperoni.tatar/images/products/kd-036-main.jpg?v=72b9acb1	https://pepperoni.tatar/images/products/kd-036-slice.jpg?v=e6079c2b	in_stock	377.00 RUB		Kazan Delicacies	4680638721315	995005	new	yes	5740	Refrigerated Products > Smoked Meats > Halal boiled assorted meats 0.5 kg — Kazan Delicacies	0.540 kg		no	adult	no	RU	Kazan Delicacies	halal	refrigerated	Smoked Meats		halal-#614A/2024
KD-037	Halal Boiled Tender 0.5 kg — Kazan Delicacies	Halal Boiled Tender 0.5 kg — Kazan Delicacies. SKU: KD-037. Article: 995012. Catalog classification: Refrigerated Products / Smoked Meats. Net weight: 0.27 kg. Shelf life: 30 суток. Storage: 0-6 ˚C. HS code: 160100. Manufacturer: Kazan Delicacies LLC, Kazan, Russia. Halal certificate DUM RT No. 614A/2024. Current availability, commercial terms, destination requirements and supporting documents are confirmed for the selected SKU on request.	https://pepperoni.tatar/en/products/kd-037	https://pepperoni.tatar/images/products/kd-037-main.jpg?v=884c8517	https://pepperoni.tatar/images/products/kd-037-slice.jpg?v=e6079c2b	in_stock	188.00 RUB		Kazan Delicacies	4680638721322	995012	new	yes	5740	Refrigerated Products > Smoked Meats > Halal Boiled Tender 0.5 kg — Kazan Delicacies	0.270 kg		no	adult	no	RU	Kazan Delicacies	halal	refrigerated	Smoked Meats		halal-#614A/2024
KD-038	Halal Turkey Ham 0.5 kg — Kazan Delicacies	Halal Turkey Ham 0.5 kg — Kazan Delicacies. SKU: KD-038. Article: 995006. Catalog classification: Refrigerated Products / Smoked Meats. Net weight: 0.54 kg. Shelf life: 30 суток. Storage: 0-6 ˚C. HS code: 160100. Manufacturer: Kazan Delicacies LLC, Kazan, Russia. Halal certificate DUM RT No. 614A/2024. Current availability, commercial terms, destination requirements and supporting documents are confirmed for the selected SKU on request.	https://pepperoni.tatar/en/products/kd-038	https://pepperoni.tatar/images/products/kd-038-main.jpg?v=40304091	https://pepperoni.tatar/images/products/kd-038-slice.jpg?v=ada87c69	in_stock	362.00 RUB		Kazan Delicacies	4680638721339	995006	new	yes	5740	Refrigerated Products > Smoked Meats > Halal Turkey Ham 0.5 kg — Kazan Delicacies	0.540 kg		no	adult	no	RU	Kazan Delicacies	halal	refrigerated	Smoked Meats		halal-#614A/2024
KD-039	Halal Marble Beef Ham 0.5 kg — Kazan Delicacies	Halal Marble Beef Ham 0.5 kg — Kazan Delicacies. SKU: KD-039. Article: 995011. Catalog classification: Refrigerated Products / Smoked Meats. Net weight: 0.27 kg. Shelf life: 30 суток. Storage: 0-6 ˚C. HS code: 160100. Manufacturer: Kazan Delicacies LLC, Kazan, Russia. Halal certificate DUM RT No. 614A/2024. Current availability, commercial terms, destination requirements and supporting documents are confirmed for the selected SKU on request.	https://pepperoni.tatar/en/products/kd-039	https://pepperoni.tatar/images/products/kd-039-main.jpg?v=3f5f733b	https://pepperoni.tatar/images/products/kd-039-pack.jpg?v=bbf0cd3d,https://pepperoni.tatar/images/products/kd-039-slice.jpg?v=ada87c69	in_stock	181.00 RUB		Kazan Delicacies	4680638721346	995011	new	yes	5740	Refrigerated Products > Smoked Meats > Halal Marble Beef Ham 0.5 kg — Kazan Delicacies	0.270 kg		no	adult	no	RU	Kazan Delicacies	halal	refrigerated	Smoked Meats		halal-#614A/2024
KD-040	Chicken Ham Halal 0.5 kg — Kazan Delicacies	Chicken Ham Halal 0.5 kg — Kazan Delicacies. SKU: KD-040. Article: 995007. Catalog classification: Refrigerated Products / Smoked Meats. Net weight: 0.54 kg. Shelf life: 30 суток. Storage: 0-6 ˚C. HS code: 160100. Manufacturer: Kazan Delicacies LLC, Kazan, Russia. Halal certificate DUM RT No. 614A/2024. Current availability, commercial terms, destination requirements and supporting documents are confirmed for the selected SKU on request.	https://pepperoni.tatar/en/products/kd-040	https://pepperoni.tatar/images/products/kd-040-main.jpg?v=1c224d29	https://pepperoni.tatar/images/products/kd-040-pack.jpg?v=f3661c6e,https://pepperoni.tatar/images/products/kd-040-slice.jpg?v=1b40cfc1	in_stock	333.00 RUB		Kazan Delicacies	4680638721353	995007	new	yes	5740	Refrigerated Products > Smoked Meats > Chicken Ham Halal 0.5 kg — Kazan Delicacies	0.540 kg		no	adult	no	RU	Kazan Delicacies	halal	refrigerated	Smoked Meats		halal-#614A/2024
KD-041	Halal Filley Ham 0.5 kg — Kazan Delicacies	Halal Filley Ham 0.5 kg — Kazan Delicacies. SKU: KD-041. Article: 995013. Catalog classification: Refrigerated Products / Smoked Meats. Net weight: 0.27 kg. Shelf life: 30 суток. Storage: 0-6 ˚C. HS code: 160100. Manufacturer: Kazan Delicacies LLC, Kazan, Russia. Halal certificate DUM RT No. 614A/2024. Current availability, commercial terms, destination requirements and supporting documents are confirmed for the selected SKU on request.	https://pepperoni.tatar/en/products/kd-041	https://pepperoni.tatar/images/products/kd-041-main.jpg?v=6c7fdeac	https://pepperoni.tatar/images/products/kd-041-pack.jpg?v=0f0d111a	in_stock	166.00 RUB		Kazan Delicacies	4680638721360	995013	new	yes	5740	Refrigerated Products > Smoked Meats > Halal Filley Ham 0.5 kg — Kazan Delicacies	0.270 kg		no	adult	no	RU	Kazan Delicacies	halal	refrigerated	Smoked Meats		halal-#614A/2024
KD-042	Halal Servelat Khansky 0.45 kg — Kazan Delicacies	Halal Servelat Khansky 0.45 kg — Kazan Delicacies. SKU: KD-042. Article: 995008. Catalog classification: Refrigerated Products / Smoked Meats. Net weight: 0.54 kg. Shelf life: 30 суток. Storage: 0-6 ˚C. HS code: 160100. Manufacturer: Kazan Delicacies LLC, Kazan, Russia. Halal certificate DUM RT No. 614A/2024. Current availability, commercial terms, destination requirements and supporting documents are confirmed for the selected SKU on request.	https://pepperoni.tatar/en/products/kd-042	https://pepperoni.tatar/images/products/kd-042-main.jpg?v=bdd7515b		in_stock	362.00 RUB		Kazan Delicacies	4680638721377	995008	new	yes	5740	Refrigerated Products > Smoked Meats > Halal Servelat Khansky 0.45 kg — Kazan Delicacies	0.540 kg		no	adult	no	RU	Kazan Delicacies	halal	refrigerated	Smoked Meats		halal-#614A/2024
KD-043	Halal Smoked Chicken Fillet (0.27 kg) — Kazan Delicacies	Halal Smoked Chicken Fillet (0.27 kg) — Kazan Delicacies. SKU: KD-043. Article: 995010. Catalog classification: Refrigerated Products / Smoked Meats. Net weight: 0.27 kg. Shelf life: 30 суток. Storage: 0-6 ˚C. HS code: 160100. Manufacturer: Kazan Delicacies LLC, Kazan, Russia. Halal certificate DUM RT No. 614A/2024. Current availability, commercial terms, destination requirements and supporting documents are confirmed for the selected SKU on request.	https://pepperoni.tatar/en/products/kd-043	https://pepperoni.tatar/images/products/kd-043-main.jpg?v=9fe364da		in_stock	181.00 RUB		Kazan Delicacies	4680638721384	995010	new	yes	5740	Refrigerated Products > Smoked Meats > Halal Smoked Chicken Fillet (0.27 kg) — Kazan Delicacies	0.270 kg		no	adult	no	RU	Kazan Delicacies	halal	refrigerated	Smoked Meats		halal-#614A/2024
KD-044	Halal Smoked Turkey Sausage (0.2 kg) — Kazan Delicacies	Halal Smoked Turkey Sausage (0.2 kg) — Kazan Delicacies. SKU: KD-044. Article: 999911. Catalog classification: Refrigerated Products / Premium Kazylyk. Net weight: 0.2 kg. Shelf life: 180 суток. Storage: 0-12 ˚C. HS code: 160100. Manufacturer: Kazan Delicacies LLC, Kazan, Russia. Halal certificate DUM RT No. 614A/2024. Current availability, commercial terms, destination requirements and supporting documents are confirmed for the selected SKU on request.	https://pepperoni.tatar/en/products/kd-044	https://pepperoni.tatar/images/products/kd-044-main.jpg?v=6333ee16	https://pepperoni.tatar/images/products/kd-044-pack.jpg?v=8ffdb0db,https://pepperoni.tatar/images/products/kd-044-slice.jpg?v=52538cc1	in_stock	650.00 RUB		Kazan Delicacies	4680638721209	999911	new	yes	5740	Refrigerated Products > Premium Kazylyk > Halal Smoked Turkey Sausage (0.2 kg) — Kazan Delicacies	0.200 kg		no	adult	no	RU	Kazan Delicacies	halal	refrigerated	Premium Kazylyk		halal-#614A/2024
KD-045	Authentic Kazylik, prepared according to the classic Tatar recipe, sliced into thin slices for convenient use in cafes, restaurants, hotels, shops, an	Authentic Kazylik, prepared according to the classic Tatar recipe, sliced into thin slices for convenient use in cafes, restaurants, hotels, shops, an. SKU: KD-045. Article: 999909. Catalog classification: Refrigerated Products / Premium Kazylyk. Net weight: 0.1 kg. Shelf life: 30 суток. Storage: 0-12 ˚C. HS code: 160100. Manufacturer: Kazan Delicacies LLC, Kazan, Russia. Halal certificate DUM RT No. 614A/2024. Current availability, commercial terms, destination requirements and supporting documents are confirmed for the selected SKU on request.	https://pepperoni.tatar/en/products/kd-045	https://pepperoni.tatar/images/products/kd-045-main.jpg?v=b4f119e6		in_stock	450.00 RUB		Kazan Delicacies	4680638721148	999909	new	yes	5740	Refrigerated Products > Premium Kazylyk > Authentic Kazylik, prepared according to the classic Tatar recipe, sliced into thin slices for convenient use in cafes, restaurants, hotels, shops, an	0.100 kg		no	adult	no	RU	Kazan Delicacies	halal	refrigerated	Premium Kazylyk		halal-#614A/2024
KD-046	Halal Gubadiya with kort 100 g — Kazan Delicacies	Halal Gubadiya with kort 100 g — Kazan Delicacies. SKU: KD-046. Catalog classification: Bakery / Traditional Tatar Pastries. Net weight: 100 g. Shelf life: 360 суток. Storage: –18°C. HS code: 190590. Manufacturer: Kazan Delicacies LLC, Kazan, Russia. Halal certificate DUM RT No. 614A/2024. Current availability, commercial terms, destination requirements and supporting documents are confirmed for the selected SKU on request.	https://pepperoni.tatar/en/products/kd-046	https://pepperoni.tatar/images/products/kd-046-main.jpg?v=6947f458	https://pepperoni.tatar/images/products/kd-046-pack.jpg?v=9c0aef3e	in_stock	56.00 RUB		Kazan Delicacies	4680638720844	KD-046	new	yes	1876	Bakery > Traditional Tatar Pastries > Halal Gubadiya with kort 100 g — Kazan Delicacies	0.100 kg	48	no	adult	no	RU	Kazan Delicacies	halal	bakery	Traditional Tatar Pastries		halal-#614A/2024
KD-047	Halal Fried cheburek 100 g — Kazan Delicacies	Halal Fried cheburek 100 g — Kazan Delicacies. SKU: KD-047. Catalog classification: Bakery / Traditional Tatar Pastries. Net weight: 100 g. Shelf life: 360 суток. Storage: –18°C. HS code: 190590. Manufacturer: Kazan Delicacies LLC, Kazan, Russia. Halal certificate DUM RT No. 614A/2024. Current availability, commercial terms, destination requirements and supporting documents are confirmed for the selected SKU on request.	https://pepperoni.tatar/en/products/kd-047	https://pepperoni.tatar/images/products/kd-047-main.jpg?v=3fc8f620	https://pepperoni.tatar/images/products/kd-047-pack.jpg?v=d189ac0e	in_stock	58.86 RUB		Kazan Delicacies	4680638721032	KD-047	new	yes	1876	Bakery > Traditional Tatar Pastries > Halal Fried cheburek 100 g — Kazan Delicacies	0.100 kg	30	no	adult	no	RU	Kazan Delicacies	halal	bakery	Traditional Tatar Pastries		halal-#614A/2024
KD-048	Halal Fried peremyach 100 g — Kazan Delicacies	Halal Fried peremyach 100 g — Kazan Delicacies. SKU: KD-048. Catalog classification: Bakery / Traditional Tatar Pastries. Net weight: 100 g. Shelf life: 360 суток. Storage: –18°C. HS code: 190590. Manufacturer: Kazan Delicacies LLC, Kazan, Russia. Halal certificate DUM RT No. 614A/2024. Current availability, commercial terms, destination requirements and supporting documents are confirmed for the selected SKU on request.	https://pepperoni.tatar/en/products/kd-048	https://pepperoni.tatar/images/products/kd-048-main.jpg?v=7386481c	https://pepperoni.tatar/images/products/kd-048-pack.jpg?v=3ef44184	in_stock	59.14 RUB		Kazan Delicacies	4680638720851	KD-048	new	yes	1876	Bakery > Traditional Tatar Pastries > Halal Fried peremyach 100 g — Kazan Delicacies	0.100 kg	48	no	adult	no	RU	Kazan Delicacies	halal	bakery	Traditional Tatar Pastries		halal-#614A/2024
KD-049	Halal Chicken samsa 120 g — Kazan Delicacies	Halal Chicken samsa 120 g — Kazan Delicacies. SKU: KD-049. Catalog classification: Bakery / Traditional Tatar Pastries. Net weight: 120 g. Shelf life: 360 суток. Storage: –18°C. HS code: 190590. Manufacturer: Kazan Delicacies LLC, Kazan, Russia. Halal certificate DUM RT No. 614A/2024. Current availability, commercial terms, destination requirements and supporting documents are confirmed for the selected SKU on request.	https://pepperoni.tatar/en/products/kd-049	https://pepperoni.tatar/images/products/kd-049-main.jpg?v=233ca81f		in_stock	61.73 RUB		Kazan Delicacies	4680638720813	KD-049	new	yes	1876	Bakery > Traditional Tatar Pastries > Halal Chicken samsa 120 g — Kazan Delicacies	0.120 kg	48	no	adult	no	RU	Kazan Delicacies	halal	bakery	Traditional Tatar Pastries		halal-#614A/2024
KD-050	Halal Echpochmak with beef and potato 100 g — Kazan Delicacies	Halal Echpochmak with beef and potato 100 g — Kazan Delicacies. SKU: KD-050. Catalog classification: Bakery / Traditional Tatar Pastries. Net weight: 100 g. Shelf life: 360 суток. Storage: –18°C. HS code: 190590. Manufacturer: Kazan Delicacies LLC, Kazan, Russia. Halal certificate DUM RT No. 614A/2024. Current availability, commercial terms, destination requirements and supporting documents are confirmed for the selected SKU on request.	https://pepperoni.tatar/en/products/kd-050	https://pepperoni.tatar/images/products/kd-050-main.jpg?v=343ea601	https://pepperoni.tatar/images/products/kd-050-pack.jpg?v=56dbb770	in_stock	68.77 RUB		Kazan Delicacies	4680638720660	KD-050	new	yes	1876	Bakery > Traditional Tatar Pastries > Halal Echpochmak with beef and potato 100 g — Kazan Delicacies	0.100 kg	48	no	adult	no	RU	Kazan Delicacies	halal	bakery	Traditional Tatar Pastries		halal-#614A/2024
KD-051	Halal Beef samsa 120 g — Kazan Delicacies	Halal Beef samsa 120 g — Kazan Delicacies. SKU: KD-051. Catalog classification: Bakery / Traditional Tatar Pastries. Net weight: 120 g. Shelf life: 360 суток. Storage: –18°C. HS code: 190590. Manufacturer: Kazan Delicacies LLC, Kazan, Russia. Halal certificate DUM RT No. 614A/2024. Current availability, commercial terms, destination requirements and supporting documents are confirmed for the selected SKU on request.	https://pepperoni.tatar/en/products/kd-051	https://pepperoni.tatar/images/products/kd-051-main.jpg?v=db052759	https://pepperoni.tatar/images/products/kd-051-pack.jpg?v=37384d07	in_stock	73.14 RUB		Kazan Delicacies	4680638720790	KD-051	new	yes	1876	Bakery > Traditional Tatar Pastries > Halal Beef samsa 120 g — Kazan Delicacies	0.120 kg	48	no	adult	no	RU	Kazan Delicacies	halal	bakery	Traditional Tatar Pastries		halal-#614A/2024
KD-052	Halal Elesh with chicken and potato 150 g — Kazan Delicacies	Halal Elesh with chicken and potato 150 g — Kazan Delicacies. SKU: KD-052. Catalog classification: Bakery / Traditional Tatar Pastries. Net weight: 150 g. Shelf life: 360 суток. Storage: –18°C. HS code: 190590. Manufacturer: Kazan Delicacies LLC, Kazan, Russia. Halal certificate DUM RT No. 614A/2024. Current availability, commercial terms, destination requirements and supporting documents are confirmed for the selected SKU on request.	https://pepperoni.tatar/en/products/kd-052	https://pepperoni.tatar/images/products/kd-052-main.jpg?v=e4983f90	https://pepperoni.tatar/images/products/kd-052-pack.jpg?v=b95472cf	in_stock	77.84 RUB		Kazan Delicacies	4680638720677	KD-052	new	yes	1876	Bakery > Traditional Tatar Pastries > Halal Elesh with chicken and potato 150 g — Kazan Delicacies	0.150 kg	48	no	adult	no	RU	Kazan Delicacies	halal	bakery	Traditional Tatar Pastries		halal-#614A/2024
KD-053	Halal Chak-chak in plastic pack 300 g — Kazan Delicacies	Halal Chak-chak in plastic pack 300 g — Kazan Delicacies. SKU: KD-053. Catalog classification: Bakery / Traditional Tatar Pastries. Net weight: 300 g. Shelf life: 60 суток. Storage: до +18°C. Manufacturer: Kazan Delicacies LLC, Kazan, Russia. Halal certificate DUM RT No. 614A/2024. Current availability, commercial terms, destination requirements and supporting documents are confirmed for the selected SKU on request.	https://pepperoni.tatar/en/products/kd-053	https://pepperoni.tatar/images/products/kd-053-main.jpg?v=3a3fac5b	https://pepperoni.tatar/images/products/kd-053-pack.jpg?v=49299708,https://pepperoni.tatar/images/products/kd-053-slice.jpg?v=6f9b9bf2	in_stock	194.70 RUB		Kazan Delicacies	4680638720820	KD-053	new	yes	1876	Bakery > Traditional Tatar Pastries > Halal Chak-chak in plastic pack 300 g — Kazan Delicacies	0.300 kg	1	no	adult	no	RU	Kazan Delicacies	halal	bakery	Traditional Tatar Pastries		halal-#614A/2024
KD-054	Halal Chak-chak in kraft gift pack 300 g — Kazan Delicacies	Halal Chak-chak in kraft gift pack 300 g — Kazan Delicacies. SKU: KD-054. Catalog classification: Bakery / Traditional Tatar Pastries. Net weight: 300 g. Shelf life: 60 суток. Storage: до +18°C. Manufacturer: Kazan Delicacies LLC, Kazan, Russia. Halal certificate DUM RT No. 614A/2024. Current availability, commercial terms, destination requirements and supporting documents are confirmed for the selected SKU on request.	https://pepperoni.tatar/en/products/kd-054	https://pepperoni.tatar/images/products/kd-054-main.jpg?v=b6ca7c06	https://pepperoni.tatar/images/products/kd-054-pack.jpg?v=37b8ba6d,https://pepperoni.tatar/images/products/kd-054-slice.jpg?v=6a4fbd2a	in_stock	271.70 RUB		Kazan Delicacies	4680638720769	KD-054	new	yes	1876	Bakery > Traditional Tatar Pastries > Halal Chak-chak in kraft gift pack 300 g — Kazan Delicacies	0.300 kg	1	no	adult	no	RU	Kazan Delicacies	halal	bakery	Traditional Tatar Pastries		halal-#614A/2024
KD-055	Halal Sochnik with cottage cheese 100 g — Kazan Delicacies	Halal Sochnik with cottage cheese 100 g — Kazan Delicacies. SKU: KD-055. Catalog classification: Bakery / Classic Pastries. Net weight: 100 g. Shelf life: 360 суток. Storage: –18°C. HS code: 190590. Manufacturer: Kazan Delicacies LLC, Kazan, Russia. Halal certificate DUM RT No. 614A/2024. Current availability, commercial terms, destination requirements and supporting documents are confirmed for the selected SKU on request.	https://pepperoni.tatar/en/products/kd-055	https://pepperoni.tatar/og-bakery-en.png		in_stock	44.00 RUB		Kazan Delicacies	4680638720837	KD-055	new	yes	1876	Bakery > Classic Pastries > Halal Sochnik with cottage cheese 100 g — Kazan Delicacies	0.100 kg	30	no	adult	no	RU	Kazan Delicacies	halal	bakery	Classic Pastries		halal-#614A/2024
KD-056	Halal Baked potato pie 100 g — Kazan Delicacies	Halal Baked potato pie 100 g — Kazan Delicacies. SKU: KD-056. Catalog classification: Bakery / Classic Pastries. Net weight: 100 g. Shelf life: 360 суток. Storage: –18°C. HS code: 190590. Manufacturer: Kazan Delicacies LLC, Kazan, Russia. Halal certificate DUM RT No. 614A/2024. Current availability, commercial terms, destination requirements and supporting documents are confirmed for the selected SKU on request.	https://pepperoni.tatar/en/products/kd-056	https://pepperoni.tatar/og-bakery-en.png		in_stock	44.74 RUB		Kazan Delicacies	4680638720714	KD-056	new	yes	1876	Bakery > Classic Pastries > Halal Baked potato pie 100 g — Kazan Delicacies	0.100 kg	48	no	adult	no	RU	Kazan Delicacies	halal	bakery	Classic Pastries		halal-#614A/2024
KD-057	Halal Syrniki 70 g — Kazan Delicacies	Halal Syrniki 70 g — Kazan Delicacies. SKU: KD-057. Catalog classification: Bakery / Classic Pastries. Net weight: 70 g. Shelf life: 360 суток. Storage: –18°C. HS code: 040490. Manufacturer: Kazan Delicacies LLC, Kazan, Russia. Halal certificate DUM RT No. 614A/2024. Current availability, commercial terms, destination requirements and supporting documents are confirmed for the selected SKU on request.	https://pepperoni.tatar/en/products/kd-057	https://pepperoni.tatar/og-bakery-en.png		in_stock	45.10 RUB		Kazan Delicacies	4680638720721	KD-057	new	yes	1876	Bakery > Classic Pastries > Halal Syrniki 70 g — Kazan Delicacies	0.070 kg	48	no	adult	no	RU	Kazan Delicacies	halal	bakery	Classic Pastries		halal-#614A/2024
KD-058	Halal Apple pie 100 g — Kazan Delicacies	Halal Apple pie 100 g — Kazan Delicacies. SKU: KD-058. Catalog classification: Bakery / Classic Pastries. Net weight: 100 g. Shelf life: 360 суток. Storage: –18°C. HS code: 190590. Manufacturer: Kazan Delicacies LLC, Kazan, Russia. Halal certificate DUM RT No. 614A/2024. Current availability, commercial terms, destination requirements and supporting documents are confirmed for the selected SKU on request.	https://pepperoni.tatar/en/products/kd-058	https://pepperoni.tatar/og-bakery-en.png		in_stock	49.50 RUB		Kazan Delicacies	4680638720691	KD-058	new	yes	1876	Bakery > Classic Pastries > Halal Apple pie 100 g — Kazan Delicacies	0.100 kg	36	no	adult	no	RU	Kazan Delicacies	halal	bakery	Classic Pastries		halal-#614A/2024
KD-059	Halal Green onion and egg pie 100 g — Kazan Delicacies	Halal Green onion and egg pie 100 g — Kazan Delicacies. SKU: KD-059. Catalog classification: Bakery / Classic Pastries. Net weight: 100 g. Shelf life: 360 суток. Storage: –18°C. HS code: 190590. Manufacturer: Kazan Delicacies LLC, Kazan, Russia. Halal certificate DUM RT No. 614A/2024. Current availability, commercial terms, destination requirements and supporting documents are confirmed for the selected SKU on request.	https://pepperoni.tatar/en/products/kd-059	https://pepperoni.tatar/og-bakery-en.png		in_stock	58.52 RUB		Kazan Delicacies	4680638720783	KD-059	new	yes	1876	Bakery > Classic Pastries > Halal Green onion and egg pie 100 g — Kazan Delicacies	0.100 kg	48	no	adult	no	RU	Kazan Delicacies	halal	bakery	Classic Pastries		halal-#614A/2024
KD-060	Halal Orange muffin 100 g — Kazan Delicacies	Halal Orange muffin 100 g — Kazan Delicacies. SKU: KD-060. Catalog classification: Bakery / Classic Pastries. Net weight: 100 g. Shelf life: 360 суток. Storage: –18°C. HS code: 190590. Manufacturer: Kazan Delicacies LLC, Kazan, Russia. Halal certificate DUM RT No. 614A/2024. Current availability, commercial terms, destination requirements and supporting documents are confirmed for the selected SKU on request.	https://pepperoni.tatar/en/products/kd-060	https://pepperoni.tatar/og-bakery-en.png		in_stock	67.55 RUB		Kazan Delicacies	4680638720738	KD-060	new	yes	1876	Bakery > Classic Pastries > Halal Orange muffin 100 g — Kazan Delicacies	0.100 kg	24	no	adult	no	RU	Kazan Delicacies	halal	bakery	Classic Pastries		halal-#614A/2024
KD-061	Halal Sausage roll 120 g — Kazan Delicacies	Halal Sausage roll 120 g — Kazan Delicacies. SKU: KD-061. Catalog classification: Bakery / Classic Pastries. Net weight: 120 g. Shelf life: 360 суток. Storage: –18°C. HS code: 190590. Manufacturer: Kazan Delicacies LLC, Kazan, Russia. Halal certificate DUM RT No. 614A/2024. Current availability, commercial terms, destination requirements and supporting documents are confirmed for the selected SKU on request.	https://pepperoni.tatar/en/products/kd-061	https://pepperoni.tatar/og-bakery-en.png		in_stock	69.03 RUB		Kazan Delicacies	4680638720776	KD-061	new	yes	1876	Bakery > Classic Pastries > Halal Sausage roll 120 g — Kazan Delicacies	0.120 kg	48	no	adult	no	RU	Kazan Delicacies	halal	bakery	Classic Pastries		halal-#614A/2024
KD-062	Halal Cherry pie 100 g — Kazan Delicacies	Halal Cherry pie 100 g — Kazan Delicacies. SKU: KD-062. Catalog classification: Bakery / Classic Pastries. Net weight: 100 g. Shelf life: 360 суток. Storage: –18°C. HS code: 190590. Manufacturer: Kazan Delicacies LLC, Kazan, Russia. Halal certificate DUM RT No. 614A/2024. Current availability, commercial terms, destination requirements and supporting documents are confirmed for the selected SKU on request.	https://pepperoni.tatar/en/products/kd-062	https://pepperoni.tatar/og-bakery-en.png		in_stock	71.50 RUB		Kazan Delicacies	4680638720707	KD-062	new	yes	1876	Bakery > Classic Pastries > Halal Cherry pie 100 g — Kazan Delicacies	0.100 kg	48	no	adult	no	RU	Kazan Delicacies	halal	bakery	Classic Pastries		halal-#614A/2024
KD-063	Halal Croissant with chocolate and nuts 90 g — Kazan Delicacies	Halal Croissant with chocolate and nuts 90 g — Kazan Delicacies. SKU: KD-063. Catalog classification: Bakery / Classic Pastries. Net weight: 90 g. Shelf life: 360 суток. Storage: –18°C. HS code: 190590. Manufacturer: Kazan Delicacies LLC, Kazan, Russia. Halal certificate DUM RT No. 614A/2024. Current availability, commercial terms, destination requirements and supporting documents are confirmed for the selected SKU on request.	https://pepperoni.tatar/en/products/kd-063	https://pepperoni.tatar/og-bakery-en.png		in_stock	72.60 RUB		Kazan Delicacies	4680638720806	KD-063	new	yes	1876	Bakery > Classic Pastries > Halal Croissant with chocolate and nuts 90 g — Kazan Delicacies	0.090 kg	20	no	adult	no	RU	Kazan Delicacies	halal	bakery	Classic Pastries		halal-#614A/2024
KD-064	Halal Chocolate muffin 100 g — Kazan Delicacies	Halal Chocolate muffin 100 g — Kazan Delicacies. SKU: KD-064. Catalog classification: Bakery / Classic Pastries. Net weight: 100 g. Shelf life: 360 суток. Storage: –18°C. HS code: 190590. Manufacturer: Kazan Delicacies LLC, Kazan, Russia. Halal certificate DUM RT No. 614A/2024. Current availability, commercial terms, destination requirements and supporting documents are confirmed for the selected SKU on request.	https://pepperoni.tatar/en/products/kd-064	https://pepperoni.tatar/og-bakery-en.png		in_stock	73.64 RUB		Kazan Delicacies	4680638720745	KD-064	new	yes	1876	Bakery > Classic Pastries > Halal Chocolate muffin 100 g — Kazan Delicacies	0.100 kg	24	no	adult	no	RU	Kazan Delicacies	halal	bakery	Classic Pastries		halal-#614A/2024
