Лист,Строка,SKU,Наименование,Колонка RU,SEO Описание RU,Колонка EN,SEO Описание EN
Заморозка,19,KD-011,Ветчина Куриная Филейная в нарезке,T,"Ветчина Куриная Филейная в нарезке (500 г) | Куриная ветчина из филе бедра для пиццы, сэндвичей и HoReCa — халяль | Нежная филейная куриная ветчина в тонкой слайсерной нарезке. Удобный формат для пиццерий, кафе и готовых блюд. | Ветчина Куриная Филейная в нарезке от «Казанских Деликатесов» изготовлена из отборного куриного филе с добавлением натуральных пряностей. Тонкие ровные ломтики готовы к использованию на профессиональной кухне, сокращают время приготовления пиццы, брускетт и сэндвичей. Чистый мясной вкус, сочная текстура и халяль-сертификация ДУМ РТ.",U,"Sliced Chicken Fillet Ham (500g) | Halal Chicken Thigh Ham Slices for Pizza, Sandwiches, and HoReCa | Tender chicken fillet ham in thin, uniform slices. Convenient professional format for pizzerias, cafes, and catering. | Sliced Chicken Fillet Ham by Kazan Delicacies is produced from selected poultry meat and natural spices under strict Halal standards. Pre-sliced for high kitchen efficiency, it delivers authentic flavor, excellent texture, and reliable quality for food service, hotels, and retail delis."
Заморозка,20,KD-013,Пепперони варено-копченый куриный нарезка,T,"Пепперони варено-копченый куриный в нарезке (500 г, калибр 50–55 мм) | Халяль пепперони для пиццы и HoReCa — термостабильная нарезка | Классические слайсы пикантного пепперони из мяса птицы. Идеально держит форму при выпечке в подовых и конвейерных печах. | Профессиональный варено-копченый куриный пепперони от «Казанских Деликатесов» разработан специально для пиццерий и ресторанов. Слайсы диаметром 50–55 мм обладают выразительным пряным ароматом с нотками паприки и перца, равномерно пропекаются, аппетитно выделяют сок и сохраняют форму без избыточного жира. 100% халяль, срок годности 360 суток при –18 °C.",U,"Cooked-Smoked Chicken Pepperoni Slices (500g, 50–55mm caliber) | Halal Chicken Pepperoni for Pizza and Food Service — Heat-Stable Slices | Savory chicken pepperoni slices crafted for high-temperature pizza ovens. Retains shape and juicy texture. | Professional cooked-smoked chicken pepperoni by Kazan Delicacies is specifically tailored for commercial pizzerias and food service operators. Featuring a balanced blend of paprika, black pepper, and garlic, these 50–55mm slices bake evenly, resist curling, and deliver authentic pepperoni flavor. Certified Halal, 360-day shelf life at –18°C."
Заморозка,21,KD-014,Пепперони варено-копченый куриный целый батон,T,"Пепперони варено-копченый куриный целый батон (0,8 кг) | Цельный батон халяль пепперони для профессиональной нарезки и HoReCa | Плотный батон пикантного куриного пепперони для слайсеров. Позволяет регулировать толщину ломтика под стандарты заведения. | Варено-копченый куриный пепперони в цельном батоне калибра 50–55 мм — оптимальное решение для сетей пиццерий и кулинарий с собственным слайсингом. Плотная структура колбасы обеспечивает чистый ровный срез без деформации. Насыщенный пряный вкус и термостабильность при температуре печи до 350 °C. Халяль ДУМ РТ, хранение 360 суток при –18 °C.",U,"Cooked-Smoked Chicken Pepperoni Stick (0.8kg) | Whole Halal Pepperoni Stick for Professional Slicing and Food Service | Dense chicken pepperoni stick designed for commercial slicers, allowing customized slice thickness. | Whole cooked-smoked chicken pepperoni stick (50–55mm caliber) from Kazan Delicacies gives commercial kitchens full control over slicing thickness. With its firm texture, it slices smoothly and bakes consistently without shrinking. Certified Halal, ideal for high-volume pizzerias, shelf life 360 days at –18°C."
Заморозка,22,KD-015,Грудка куриная варено-копченая,T,"Грудка куриная варено-копченая (1 кг) | Натуральное копченое филе грудки для пиццы, салатов и HoReCa — халяль | Сочное филе куриной грудки с деликатным ароматом натурального копчения. Готовый компонент для салатов, пиццы и холодных закусок. | Варено-копченая куриная грудка от «Казанских Деликатесов» приготовлена из отборного филе цыплят-бройлеров по халяльным стандартам. Нежное мясо с легкой дымной ноткой отлично нарезается ломтиками, кубиками или соломкой, сохраняет сочность в горячих и холодных блюдах (пицца «Цыпленок Барбекю», салат «Цезарь», сэндвичи). Без ГМО и вредных добавок.",U,"Cooked-Smoked Chicken Breast Fillet (1kg) | Natural Smoked Halal Chicken Breast for Salads, Pizza, and Food Service | Tender, juicy chicken breast fillet gently smoked over natural wood chips. Ready to slice for commercial kitchens. | Cooked-Smoked Chicken Breast by Kazan Delicacies is made from premium poultry fillets following strict Halal protocols. With a tender texture and mild natural smoke profile, it is an ideal ready-to-use topping for BBQ chicken pizzas, Caesar salads, wraps, and gourmet sandwiches. Certified Halal, packed for HoReCa."
Охлажденная,4,KD-018,Сосиски «К завтраку» (без оболочки) для «Сосиски в тесте» 45 гр - вес сосиски,S,"Сосиски для сосиски в тесте «К завтраку» без оболочки 45 г (2 кг) | Термостабильные порционные сосиски для выпечки в тесте и фастфуда — халяль | Порционные сосиски по 45 г без оболочки. Идеально подходят для выпечки в тесте: не лопаются, не деформируются при температуре до 220 °C. | Специализированные сосиски «К завтраку» от «Казанских Деликатесов» разработаны для пекарен, столовых и предприятий стритфуда. Точный калибр 45 г и отсутствие оболочки ускоряют формовку изделий. Благодаря термостабильному фаршу сосиска не выделяет лишней влаги, тесто не сыреет изнутри, а готовая выпечка сохраняет аппетитный вид и сочность. Халяль, упаковка 2 кг.",T,"Breakfast Sausages Skinless 45g (2kg pack) | Heat-Stable Sausages for Pigs-in-Blankets, Bakeries, and Quick Service | Portion-sized 45g skinless sausages formulated specifically for baking inside dough without bursting or shrinking. | Specialized Breakfast Sausages by Kazan Delicacies are engineered for bakeries and grab-and-go outlets producing hot bakery snacks and sausage rolls. The skinless 45g format streamlines kitchen assembly. The heat-stable formulation prevents excessive moisture release, keeping the surrounding dough crisp and golden. Halal certified, 2kg pack."
Охлажденная,10,KD-023,Сосиски в/с Премиум,S,"Сосиски высшего сорта «Премиум» (400 г) | Нежные мясные сосиски высшего сорта для завтраков и розницы — халяль | Отборные сосиски высшего сорта из мяса птицы и говядины с натуральными пряностями. Классический мягкий вкус и упругая структура. | Сосиски «Премиум» высшего сорта от «Казанских Деликатесов» — флагманский продукт для гостиничных шведских линий, ресторанов и розничных витрин. Производятся на основе отборного охлажденного мясного сырья с добавлением натуральных специй и дрожжевых экстрактов. Отличаются плотной нежной консистенцией, аппетитным ароматом и чистым вкусом. Сертифицированы по стандарту Халяль ДУМ РТ.",T,"Premium Grade Halal Sausages (400g) | High-Grade Tender Sausages for Breakfast Buffets and Retail Delis | Selected high-grade sausages made from poultry and beef with natural seasonings. Classic mild flavor and springy texture. | Premium Sausages from Kazan Delicacies represent top-tier quality for hotel buffet breakfasts, cafes, and gourmet retail delis. Prepared from select chilled meats with aromatic spices, they maintain a succulent bite and delicate savory aroma. 100% Halal certified by MSB Tatarstan, vacuum packed."
Охлажденная,11,KD-024,Сосиски в/с Сочные,S,"Сосиски высшего сорта «Сочные» (400 г) | Сочные мясные сосиски со сливками и молоком для завтраков — халяль | Аппетитные сосиски повышенной сочности с добавлением сухого молока и натуральных сливок. Мягкий сливочно-мясной вкус. | Сосиски «Сочные» в/с от «Казанских Деликатесов» созданы для ценителей нежной текстуры и насыщенного сливочного послевкусия. Сбалансированное сочетание мяса птицы, говядины, молочной сыворотки и букета благородных специй придает продукту мягкость и приятную упругость при варке или обжаривании. Подходят для семейных завтраков, меню бистро и кафе. Соответствуют нормам Халяль.",T,"Juicy High-Grade Sausages (400g) | Succulent Milk-Enriched Halal Sausages for Breakfast and Bistros | Tender and extra-juicy sausages enriched with cream and dairy notes. Delicate, mild, and savory profile. | Juicy Sausages by Kazan Delicacies deliver a remarkably tender texture and rich dairy-meat flavor thanks to the addition of skimmed milk powder and whey. Perfect for quick boiling or pan-frying, they retain moisture and offer an inviting aroma. Made exclusively with Halal-compliant ingredients, packed 400g."
Охлажденная,15,KD-025,Вареная «Из Говядины»,S,"Колбаса вареная «Из Говядины» (500 г) | Традиционная вареная говяжья колбаса для бутербродов и салатов — халяль | Плотная ароматная вареная колбаса из говядины и куриного филе с чесноком, черным перцем и кориандром. | Колбаса вареная «Из Говядины» от «Казанских Деликатесов» изготовлена по проверенным рецептурам из натуральной говядины высшего качества. Однородная упругая текстура без пустот легко нарезается тонкими ломтиками для сэндвичей или кубиками для традиционных салатов. Букет натуральных специй подчеркивает благородный мясной вкус. Сертифицировано Халяль ДУМ РТ, вакуумная упаковка 500 г.",T,"Cooked Beef Sausage (500g) | Traditional Halal Boiled Beef Bologna for Sandwiches and Salads | Dense, aromatic boiled sausage made from beef and chicken fillet seasoned with garlic, black pepper, and coriander. | Cooked Beef Sausage by Kazan Delicacies is a versatile culinary staple produced in Kazan under strict Halal guidelines. Featuring a smooth, firm texture, it slices cleanly for deli sandwiches and dices evenly for cold salads. The natural spice blend enhances the hearty beef flavor without overwhelming it. Certified Halal, 500g pack."
Охлажденная,16,KD-026,Вареная Ассорти,S,"Колбаса вареная «Ассорти» (500 г) | Нежная вареная колбаса из куриного филе и говядины — халяль | Сбалансированная вареная колбаса с мягким мясным вкусом для завтраков, сэндвичей и кулинарии. | Колбаса вареная «Ассорти» от «Казанских Деликатесов» объединяет сочность куриного филе и плотность натуральной говядины. Продукт обладает мягким, гармоничным вкусом с легкими пряными нотками, гладкой структурой и приятным розовым срезом. Прекрасно подходит для ежедневных завтраков, горячих бутербродов, пиццы и выпечки. Строго халяльный состав, срок годности 30 суток при 0–6 °C.",T,"Cooked Assorted Meat Sausage (500g) | Tender Halal Boiled Sausage from Chicken Fillet and Beef | Well-balanced boiled deli sausage with a delicate meaty profile for daily breakfasts, sandwiches, and cooking. | Cooked Assorted Sausage by Kazan Delicacies combines tender chicken breast fillet with rich beef. It features a fine, uniform crumb, mild seasoning, and pleasant pink slice. Excellent for breakfast toast, catering platters, and savory pastries. Fully certified Halal by MSB Tatarstan, 30 days shelf life at 0–6°C."
Охлажденная,17,KD-027,Вареная Нежная,S,"Колбаса вареная «Нежная» (500 г) | Мягкая вареная колбаса с молочной сывороткой и говядиной — халяль | Деликатная вареная колбаса с шелковистой текстурой и легким сливочным оттенком для легких завтраков. | Вареная колбаса «Нежная» от «Казанских Деликатесов» создана для тех, кто ценит легкий и мягкий мясной вкус. Тонкий посол, добавление молочной сыворотки и качественного куриного филе с говядиной обеспечивают особую сочность и воздушность консистенции. Оптимальна для детских и диетических бутербродов, тостов и холодных закусок. Сертификат Халяль ДУМ РТ, хранение при 0–6 °C.",T,"Tender Cooked Sausage (500g) | Extra-Mild Halal Boiled Deli Sausage with Milk Whey and Beef | Delicate boiled sausage with a velvety texture and subtle milky aroma for light sandwiches and breakfast buffets. | Tender Cooked Sausage by Kazan Delicacies is designed for consumers preferring a gentle, non-spicy meat flavor. Enriched with dairy whey and prepared from poultry fillet with select beef, it yields an exceptionally smooth texture. Ideal for morning toast, school lunches, and hotel breakfast catering. Certified Halal, 500g."
Охлажденная,19,KD-028,Ветчина из Индейки,S,"Ветчина из Индейки (500 г) | Диетическая ветчина из мяса индейки высшего качества — халяль | Натуральная ветчина из нежного мяса индейки с выраженным волокнистым срезом и тонким ароматом специй. | Ветчина из Индейки от «Казанских Деликатесов» — полезный диетический продукт с высоким содержанием легкоусвояемого белка и минимальным содержанием жира. Изготавливается из крупнокускового мяса индейки с деликатным букетом специй. Обладает плотной сочной текстурой и натуральным благородным вкусом птицы. Идеальна для здорового питания, мясных тарелок, тостов и ресторанной подачи. Халяль ДУМ РТ.",T,"Turkey Ham (500g) | Lean and Delicate Halal Turkey Ham for Sandwiches and Catering | Natural ham made from selected turkey meat with a distinct fibrous texture and subtle aromatic herbs. | Turkey Ham by Kazan Delicacies is a premium lean poultry product rich in protein and low in fat. Prepared from whole-muscle turkey cuts seasoned with a mild spice blend, it delivers a tender yet firm bite. A healthy, versatile choice for gourmet sandwiches, cold cuts platters, and fitness-oriented menus. Certified Halal, 500g."
Охлажденная,20,KD-029,Ветчина Мраморная с говядиной,S,"Ветчина «Мраморная» с говядиной (500 г) | Премиальная ветчина с красивым мясным рисунком — халяль | Сочная ветчина из отборной говядины и куриного филе с выразительным мраморным срезом и богатым вкусом. | Ветчина «Мраморная» с говядиной от «Казанских Деликатесов» отличается аппетитным контрастным рисунком на срезе, составленным из кусочков темной говядины и светлого куриного филе. Плотная ветчинная структура, умеренная пряность и сочность делают ее прекрасным выбором для праздничной банкетной нарезки, сэндвичей премиум-класса и витрин гастрономов. Соответствует строгим стандартам Халяль.",T,"Marbled Beef Ham (500g) | Premium Halal Deli Ham with Distinct Marbled Texture | Juicy ham combining rich beef chunks and tender chicken fillet, showcasing a picturesque marbled cross-section. | Marbled Beef Ham by Kazan Delicacies combines the deep savory flavor of beef with the tenderness of poultry. Its attractive mosaic appearance makes it a standout centerpiece on deli platters, breakfast displays, and gourmet panini. Seasoned with natural aromatics under strict Halal supervision. 30 days shelf life at 0–6°C."
Охлажденная,21,KD-030,Ветчина из Курицы,S,"Ветчина из Курицы (500 г) | Сочная ветчина из филе и окорочков цыплят — халяль | Нежная куриная ветчина крупного помола с аппетитным ароматом специй. Прекрасная основа для сэндвичей и закусок. | Ветчина из Курицы от «Казанских Деликатесов» производится из сочетания сочной мякоти куриных окорочков и диетического филе грудки. Плотный кусочный срез, мягкая солоноватость и сбалансированный букет специй создают легкий, но насыщенный вкус. Подходит для быстрого приготовления тостов, пиццы, салатов и утренней сервировки в отелях. 100% халяль, фасовка 500 г в вакууме.",T,"Chicken Ham (500g) | Juicy Halal Ham from Chicken Fillet and Thigh Meat | Tender poultry ham with a textured cut and pleasant aromatic spices. A classic foundation for delis and catering. | Chicken Ham by Kazan Delicacies is prepared from a blend of succulent chicken thigh meat and lean breast fillets. It features an appealing textured slice, balanced salinity, and gentle herb seasoning. A great everyday ingredient for pizzerias, grab-and-go sandwich bars, and hotel breakfast spreads. Certified Halal by MSB Tatarstan."
Охлажденная,23,KD-031,Сервелат Ханский,S,"Сервелат «Ханский» (450 г) | Благородный копченый сервелат с мелкозернистым срезом — халяль | Ароматный сервелат из отборного халяльного мяса с мускатным орехом и натуральным копчением на буковой щепе. | Сервелат «Ханский» от «Казанских Деликатесов» — традиционная праздничная колбаса с классическим мелкозернистым рисунком. Насыщенный мясной вкус дополнен букетом пряностей с акцентом на мускатный орех, белый перец и чеснок. Копчение на натуральной древесной щепе придает колбасе аппетитную золотисто-коричневую корочку и стойкий благородный аромат. Идеален для ресторанных мясных ассорти и деликатесных витрин.",T,"Khan Cervelat (450g) | Fine-Grained Smoked Halal Cervelat Sausage | Aromatic smoked cervelat crafted from select Halal meats, seasoned with nutmeg and gently smoked over natural beechwood. | Khan Cervelat by Kazan Delicacies represents a traditional banquet-style smoked sausage with an iconic fine-grained mosaic. Its rich meaty taste is accentuated by a warm spice profile featuring nutmeg, white pepper, and garlic. Natural smoke curing imparts a golden rind and deep aroma. Certified Halal, an outstanding item for upscale charcuterie boards."
Охлажденная,25,KD-033,Полукопченая из Индейки,S,"Колбаса полукопченая из Индейки (450 г) | Легкая полукопченая колбаса из диетического мяса индейки — халяль | Сочная полукопченая колбаса с деликатным мясным вкусом индейки и легкой дымной ноткой. | Полукопченая колбаса из Индейки от «Казанских Деликатесов» — прекрасная альтернатива традиционным жирным колбасам. Изготавливается из качественного мяса индейки с добавлением тонко подобранных специй. Обладает приятной упругой структурой, чистым мясным ароматом и аппетитным копченым оттенком. Идеальна для бутербродов, солянок, пиццы и закусок на каждый день. Сертифицированный халяльный продукт.",T,"Semi-Smoked Turkey Sausage (450g) | Light and Savory Semi-Smoked Halal Turkey Sausage | Tender semi-smoked sausage made from lean turkey meat with a gentle hint of natural smoke and aromatic herbs. | Semi-Smoked Turkey Sausage by Kazan Delicacies offers a lighter, leaner charcuterie option. Crafted from quality turkey meat and seasoned with mild spices before gentle smoking, it provides a firm bite and clean savory flavor. Perfect for daily deli sandwiches, hearty soups, and pizza toppings. Certified Halal by MSB Tatarstan, 450g."
Охлажденная,26,KD-034,Полукопченая из Говядины,S,"Колбаса полукопченая «Из Говядины» (450 г) | Плотная полукопченая колбаса из натуральной говядины — халяль | Сытная колбаса с выраженным вкусом зрелой говядины, чесноком и черным перцем, копченая на щепе. | Полукопченая колбаса «Из Говядины» от «Казанских Деликатесов» — выбор тех, кто ценит насыщенный традиционный мясной вкус. Изготовлена из отборной говядины с добавлением чеснока, черного перца и кориандра. Плотный срез, умеренная пряность и благородный аромат натурального копчения делают ее универсальной для мясных тарелок, перекусов и горячих блюд. Гарантия соблюдения канонов Халяль.",T,"Semi-Smoked Beef Sausage (450g) | Robust Halal Semi-Smoked Sausage Made from Premium Beef | Hearty semi-smoked beef sausage seasoned with cracked black pepper, garlic, and coriander over natural wood smoke. | Semi-Smoked Beef Sausage by Kazan Delicacies delivers an authentic, full-bodied beef flavor for meat lovers. Prepared with selected beef cuts and aromatic spices, it features a firm texture and rich mahogany smoke rind. Excellent for charcuterie platters, hearty sandwiches, and warm culinary dishes. 100% Halal certified."
Охлажденная,27,KD-036,в/к Рамазан,S,"Колбаса варено-копченая «Рамазан» (540 г) | Праздничная варено-копченая колбаса по восточным мотивам — халяль | Ароматная варено-копченая колбаса из филе птицы с добавлением говядины и пряного восточного букета специй. | Варено-копченая колбаса «Рамазан» от «Казанских Деликатесов» — популярный халяльный деликатес, названный в честь священного месяца. Отличается выразительным пряным ароматом, красивым мраморным срезом и мягким копченым послевкусием. Станет украшением любого стола, праздничного угощения, шведского стола и ресторанного меню. Производится в Казани под контролем ДУМ РТ.",T,"Cooked-Smoked Sausage ""Ramazan"" (540g) | Traditional Halal Cooked-Smoked Sausage with Oriental Spices | Richly seasoned cooked-smoked sausage combining tender poultry fillet with beef and an aromatic spice blend. | Cooked-Smoked Sausage ""Ramazan"" by Kazan Delicacies is a celebrated Halal delicacy honoring festive hospitality. It showcases a firm yet juicy texture, delicate smokiness, and an intricate balance of natural spices. A staple for family celebrations, banquet platters, and halal retail counters. Certified Halal by MSB Tatarstan, 540g."
Охлажденная,28,KD-037,в/к Рамазан (половинка),S,"Колбаса варено-копченая «Рамазан», половинка (270 г) | Удобный порционный формат любимой колбасы «Рамазан» — халяль | Половинка батона популярной варено-копченой колбасы в вакууме. Отличный выбор для домашнего стола и небольших заказов. | Варено-копченая колбаса «Рамазан» в формате половинки (270 г) сохраняет все вкусовые качества классического батона: аппетитный пряный букет, сочную консистенцию и благородный древесный дымок. Компактная вакуумная упаковка удобна для розничных покупателей и позволяет оценить привлекательный срез продукта прямо на полке. 100% халяль, производство Казань.",T,"Cooked-Smoked Sausage ""Ramazan"", Half Stick (270g) | Convenient Retail Half-Stick Format of ""Ramazan"" Halal Sausage | Half-stick vacuum portion of the popular cooked-smoked sausage with visible marble cross-section and aromatic spices. | Cooked-Smoked Sausage ""Ramazan"" in a 270g half-stick pack offers the identical premium recipe in an accessible, single-household size. With its appetizing smoke aroma and oriental spice profile, it provides convenience for retail display and fast table service. Certified Halal by MSB Tatarstan."
Охлажденная,29,KD-038,в/к Мраморная,S,"Колбаса варено-копченая «Мраморная» (540 г) | Эстетичная варено-копченая колбаса с мозаичным рисунком — халяль | Деликатесная варено-копченая колбаса из филе птицы и говядины с выразительным мраморным рисунком на срезе. | Варено-копченая колбаса «Мраморная» от «Казанских Деликатесов» привлекает внимание благородным мозаичным срезом и гармоничным мясным вкусом. Натуральное копчение на древесной щепе придает колбасе аппетитную золотистую корочку и манящий аромат. Плотная структура обеспечивает идеальную тонкую нарезку для фуршетов, бутербродов и пиццы. Сертифицировано по канонам Халяль ДУМ РТ.",T,"Cooked-Smoked Marbled Sausage (540g) | Gourmet Cooked-Smoked Halal Sausage with Mosaic Marble Texture | Elegant cooked-smoked sausage featuring an attractive marbled cross-section and refined hardwood smoke aroma. | Cooked-Smoked Marbled Sausage from Kazan Delicacies combines poultry fillet with beef protein to achieve a signature mosaic texture. Naturally smoked over hardwood chips, it exhibits a golden rind and deep savory aroma. Slices cleanly for catering buffets, charcuterie boards, and pizzas. Fully certified Halal, 540g."
Охлажденная,30,KD-039,в/к Мраморная (половинка),S,"Колбаса варено-копченая «Мраморная», половинка (270 г) | Порционный формат варено-копченой колбасы «Мраморная» — халяль | Половинка батона с открытым демонстрационным срезом в вакуумной упаковке. Идеально для розницы и быстрого перекуса. | Варено-копченая колбаса «Мраморная» (половинка 270 г) от «Казанских Деликатесов» предлагает премиальный вкус и безупречный срез в компактной упаковке. Продукт готов к употреблению, легко режется на слайсы и украсит любую мясную тарелку. Натуральные ингредиенты, отсутствие свинины и ГМО, строгий контроль Халяль.",T,"Cooked-Smoked Marbled Sausage, Half Stick (270g) | Retail Half-Stick Portion of Marbled Halal Cooked-Smoked Sausage | Practical vacuum-sealed half-stick displaying the appetizing mosaic cross-section of Marbled sausage. | Cooked-Smoked Marbled Sausage in a 270g half-stick pack delivers the same artisanal wood-smoked quality in an easy retail size. Ready to slice for sandwiches, snack plates, and charcuterie platters. 100% Halal certified, produced in Kazan under ISO 22000 and HACCP standards."
Охлажденная,31,KD-040,в/к Филейный,S,"Колбаса варено-копченая «Филейный» (540 г) | Нежная варено-копченая колбаса из филе грудок и говядины — халяль | Высококачественная варено-копченая колбаса на основе куриного филе с добавлением говядины и ароматных специй. | Варено-копченая колбаса «Филейный» от «Казанских Деликатесов» отличается преобладанием цельного белого мяса птицы, что делает ее менее жирной и особенно нежной. Говядина и натуральные специи (перец, кориандр, чеснок) придают фаршу аппетитную плотность и насыщенный букет. Идеальна для бутербродов, мясной нарезки и горячих блюд. Сертифицировано Халяль.",T,"Cooked-Smoked Fillet Sausage (540g) | Tender Cooked-Smoked Halal Sausage from Chicken Breast and Beef | High-quality poultry fillet sausage with beef accents, seasoned with coriander and natural smoke. | Cooked-Smoked Fillet Sausage by Kazan Delicacies is made primarily from tender chicken breast meat complemented by beef for added depth. The lean formulation produces a tender, springy bite with balanced seasoning. A versatile choice for breakfast platters, baguettes, and savory cooking. Certified Halal by MSB Tatarstan, 540g."
Охлажденная,32,KD-041,в/к Филейный (половинка),S,"Колбаса варено-копченая «Филейный», половинка (270 г) | Удобная половинка нежной варено-копченой колбасы — халяль | Порционный формат колбасы из куриного филе в вакуумной упаковке с открытым срезом. | Половинка варено-копченой колбасы «Филейный» (270 г) от «Казанских Деликатесов» — компактный формат популярного продукта. Прозрачная вакуумная упаковка демонстрирует аппетитный плотный срез без пустот. Мягкий копченый аромат и умеренная соленость делают ее любимым выбором для быстрых завтраков и перекусов. 100% халяль, сделано в Казани.",T,"Cooked-Smoked Fillet Sausage, Half Stick (270g) | Convenient Half-Stick of Halal Cooked-Smoked Fillet Sausage | Single-household portion of lean chicken breast and beef sausage sealed in transparent vacuum packaging. | Cooked-Smoked Fillet Sausage in a 270g half-stick pack provides premium quality and portion control. Its lean composition and mild seasoning appeal to health-conscious diners and busy families alike. Guaranteed Halal, vacuum sealed for optimal freshness."
Охлажденная,33,KD-042,в/к Княжеская,S,"Колбаса варено-копченая «Княжеская» (540 г) | Изысканная варено-копченая колбаса с богатым вкусом — халяль | Премиальная варено-копченая колбаса из филе птицы с тонким ароматом натурального копчения и букетом специй. | Варено-копченая колбаса «Княжеская» от «Казанских Деликатесов» создана по оригинальной рецептуре для ценителей выразительных мясных вкусов. Сочетание нежного куриного филе, говяжьего белка и ароматных экстрактов пряностей рождает насыщенный пикантный профиль. Отлично держит срез, подходит для сервировки стола, канапе и сэндвичей. Соответствует всем требованиям стандарта Халяль ДУМ РТ.",T,"Cooked-Smoked Sausage ""Knyazheskaya"" (540g) | Royal Recipe Cooked-Smoked Halal Sausage with Rich Aromas | Premium cooked-smoked sausage prepared from tender poultry fillet with robust savory seasonings. | Cooked-Smoked Sausage ""Knyazheskaya"" by Kazan Delicacies offers an exquisite savory profile crafted for discerning palates. Blending poultry fillet with natural spice extracts and hardwood smoke, it exhibits a dense texture and deep appetizing aroma. An impressive addition to deli counters and gourmet buffet setups. Certified Halal, 540g."
Охлажденная,34,KD-043,в/к Княжеская (половинка),S,"Колбаса варено-копченая «Княжеская», половинка (270 г) | Порционный формат премиальной колбасы «Княжеская» — халяль | Половинка батона изысканной варено-копченой колбасы в вакууме. Отличное решение для компактной покупки. | Половинка варено-копченой колбасы «Княжеская» (270 г) от «Казанских Деликатесов» сохраняет фирменный аромат и благородный вкус полноразмерного батона. Герметичная вакуумная упаковка защищает сочность продукта и подчеркивает привлекательный срез. Прекрасно подойдет для бутербродов, пиццы и праздничной тарелки. Сертификат Халяль ДУМ РТ.",T,"Cooked-Smoked Sausage ""Knyazheskaya"", Half Stick (270g) | Retail Half-Stick of ""Knyazheskaya"" Halal Cooked-Smoked Sausage | Half-stick vacuum portion of premium cooked-smoked sausage featuring rich savory notes. | Cooked-Smoked Sausage ""Knyazheskaya"" in a 270g half-stick pack provides the identical artisanal wood-smoked taste in an accessible format. It slices effortlessly for appetizers, breakfast toast, and quick paninis. Certified Halal by MSB Tatarstan, produced under strict hygiene controls."
Охлажденная,36,KD-044,Казылык «Премиум» в подарочной упаковке,S,"Казылык «Премиум» в подарочной упаковке (200 г) | Традиционный татарский сыровяленый казылык из конины — халяль | Аутентичный сыровяленый казылык высшего качества в презентабельной подарочной коробке. Гордость национальной татарской кухни. | Казылык «Премиум» от «Казанских Деликатесов» — легендарный деликатес из отборного конского мяса, приготовленный по вековым традициям татарских мастеров. В составе только отборная конина, конский жир, чеснок и молотый черный перец. Длительное естественное вяление формирует глубокий благородный вкус и плотную структуру. Элегантная подарочная упаковка делает продукт идеальным сувениром и подарком. 100% халяль, срок годности 180 суток.",T,"Premium Horse Meat Kazylyk in Gift Box (200g) | Authentic Tatar Dry-Cured Horse Sausage — Certified Halal | Traditional artisan dry-cured kazylyk sausage presented in an elegant gift box. The crown jewel of Tatar culinary heritage. | Premium Kazylyk by Kazan Delicacies is an iconic delicacy made from prime cuts of selected horse meat following ancestral Tatar recipes. Seasoned purely with natural garlic, black pepper, and salt, it undergoes gentle slow curing to develop an intense savory bouquet and dense, sliceable texture. Packaged in a refined gift box, it is a distinguished gourmet souvenir and culinary gift. Certified Halal, 180-day shelf life."
